-- MySQL dump 10.16  Distrib 10.1.26-MariaDB, for debian-linux-gnu (x86_64)
--
-- Host: localhost    Database: db
-- ------------------------------------------------------
-- Server version	10.1.26-MariaDB-0+deb9u1

/*!40101 SET @OLD_CHARACTER_SET_CLIENT=@@CHARACTER_SET_CLIENT */;
/*!40101 SET @OLD_CHARACTER_SET_RESULTS=@@CHARACTER_SET_RESULTS */;
/*!40101 SET @OLD_COLLATION_CONNECTION=@@COLLATION_CONNECTION */;
/*!40101 SET NAMES utf8mb4 */;
/*!40103 SET @OLD_TIME_ZONE=@@TIME_ZONE */;
/*!40103 SET TIME_ZONE='+00:00' */;
/*!40014 SET @OLD_UNIQUE_CHECKS=@@UNIQUE_CHECKS, UNIQUE_CHECKS=0 */;
/*!40014 SET @OLD_FOREIGN_KEY_CHECKS=@@FOREIGN_KEY_CHECKS, FOREIGN_KEY_CHECKS=0 */;
/*!40101 SET @OLD_SQL_MODE=@@SQL_MODE, SQL_MODE='NO_AUTO_VALUE_ON_ZERO' */;
/*!40111 SET @OLD_SQL_NOTES=@@SQL_NOTES, SQL_NOTES=0 */;

--
-- Table structure for table `classbook.Classes`
--

DROP TABLE IF EXISTS `classbook.Classes`;
/*!40101 SET @saved_cs_client     = @@character_set_client */;
/*!40101 SET character_set_client = utf8 */;
CREATE TABLE `classbook.Classes` (
  `ClassId` int(11) DEFAULT NULL,
  `Grade` int(11) DEFAULT NULL,
  `Letter` varchar(2) DEFAULT NULL,
  `HeadTeacherId` int(11) DEFAULT NULL
) ENGINE=InnoDB DEFAULT CHARSET=utf8mb4;
/*!40101 SET character_set_client = @saved_cs_client */;

--
-- Dumping data for table `classbook.Classes`
--

LOCK TABLES `classbook.Classes` WRITE;
/*!40000 ALTER TABLE `classbook.Classes` DISABLE KEYS */;
INSERT INTO `classbook.Classes` VALUES (1,3,'SP',134),(2,2,'RW',283),(3,6,'T',118),(4,10,'ML',184),(5,8,'ZK',323),(6,6,'UR',235),(7,5,'LD',51),(8,12,'DA',15),(9,2,'TV',267),(10,8,'HP',139),(11,1,'AX',50),(12,3,'QS',210),(13,4,'QT',117),(14,12,'BW',242),(15,9,'JV',7),(16,8,'DU',256),(17,4,'UJ',227),(18,8,'RZ',262),(19,9,'AT',75),(20,9,'ED',258),(21,12,'WP',207),(22,2,'WC',78),(23,2,'UU',80),(24,5,'YA',289),(25,10,'TF',49),(26,3,'HZ',123),(27,10,'RE',188),(28,4,'UT',88),(29,10,'GC',259),(30,11,'QB',284),(31,7,'DM',319),(32,9,'XV',9),(33,9,'CI',317),(34,1,'NV',306),(35,12,'PG',109),(36,10,'SX',225),(37,11,'QP',268),(38,1,'PT',72),(39,7,'XQ',236),(40,7,'TR',55),(41,4,'LZ',144),(42,12,'VK',247),(43,9,'Z',278),(44,5,'OL',43),(45,6,'AN',264),(46,9,'CA',216),(47,9,'TJ',203),(48,6,'DJ',23),(49,3,'WV',316),(50,5,'YC',115),(51,5,'ZA',196);
/*!40000 ALTER TABLE `classbook.Classes` ENABLE KEYS */;
UNLOCK TABLES;

--
-- Table structure for table `classbook.Marks`
--

DROP TABLE IF EXISTS `classbook.Marks`;
/*!40101 SET @saved_cs_client     = @@character_set_client */;
/*!40101 SET character_set_client = utf8 */;
CREATE TABLE `classbook.Marks` (
  `MarkId` int(11) DEFAULT NULL,
  `Description` varchar(9) DEFAULT NULL,
  `Number` decimal(3,2) DEFAULT NULL,
  `SubjectId` int(11) DEFAULT NULL,
  `StudentId` int(11) DEFAULT NULL,
  `TeacherId` int(11) DEFAULT NULL,
  `Date` varchar(10) DEFAULT NULL
) ENGINE=InnoDB DEFAULT CHARSET=utf8mb4;
/*!40101 SET character_set_client = @saved_cs_client */;

--
-- Dumping data for table `classbook.Marks`
--

LOCK TABLES `classbook.Marks` WRITE;
/*!40000 ALTER TABLE `classbook.Marks` DISABLE KEYS */;
INSERT INTO `classbook.Marks` VALUES (1,'Good',4.94,29,227,263,'2020-09-18'),(2,'Good',5.46,43,188,185,'2010-07-02'),(3,'Excellent',5.72,33,176,330,'2019-06-08'),(4,'Avarage',4.20,24,259,194,'2015-04-04'),(5,'Avarage',3.72,16,286,159,'2013-01-27'),(6,'Bad',2.71,19,109,331,'2018-10-04'),(7,'Avarage',4.45,38,16,116,'2015-04-05'),(8,'Bad',2.68,42,203,71,'2012-04-20'),(9,'Excellent',5.65,17,31,269,'2015-04-11'),(10,'Avarage',4.45,13,305,196,'2011-02-19'),(11,'Bad',2.71,29,263,44,'2011-08-14'),(12,'Avarage',3.92,23,164,321,'2017-11-03'),(13,'Excellent',5.83,13,238,234,'2019-03-13'),(14,'Fair',3.00,14,246,175,'2014-04-28'),(15,'Bad',2.61,31,320,216,'2022-05-23'),(16,'Good',5.16,15,204,255,'2013-09-24'),(17,'Bad',2.60,25,160,62,'2020-10-26'),(18,'Bad',2.45,17,293,273,'2017-09-24'),(19,'Avarage',3.81,39,259,257,'2017-04-11'),(20,'Avarage',4.35,40,185,249,'2011-10-06'),(21,'Bad',2.56,40,114,171,'2018-10-04'),(22,'Avarage',4.25,35,144,42,'2017-01-30'),(23,'Avarage',3.56,35,129,69,'2010-11-15'),(24,'Avarage',3.85,39,145,211,'2021-03-01'),(25,'Fair',3.01,18,311,4,'2018-05-25'),(26,'Avarage',3.73,32,160,29,'2010-01-23'),(27,'Bad',2.21,7,170,86,'2016-05-24'),(28,'Avarage',3.62,8,50,145,'2021-06-28'),(29,'Excellent',5.77,16,221,240,'2010-08-08'),(30,'Avarage',3.52,25,286,177,'2017-10-26'),(31,'Excellent',5.86,47,302,57,'2015-09-22'),(32,'Good',4.84,24,39,22,'2019-11-29'),(33,'Excellent',5.51,16,183,324,'2016-04-21'),(34,'Good',4.85,23,270,328,'2020-07-18'),(35,'Excellent',5.60,35,235,27,'2013-11-09'),(36,'Bad',2.91,26,157,200,'2015-03-20'),(37,'Excellent',5.67,25,38,33,'2012-12-28'),(38,'Avarage',4.40,41,76,206,'2014-03-23'),(39,'Bad',2.19,25,126,256,'2019-07-11'),(40,'Avarage',4.09,40,74,302,'2020-04-30'),(41,'Bad',2.64,23,315,217,'2013-01-06'),(42,'Good',5.06,15,132,1,'2021-05-15'),(43,'Bad',2.56,28,77,308,'2015-08-04'),(44,'Avarage',3.52,14,155,134,'2020-10-27'),(45,'Good',5.41,44,15,191,'2022-06-25'),(46,'Fair',3.32,10,34,64,'2021-02-06'),(47,'Avarage',3.62,13,41,116,'2019-12-12'),(48,'Avarage',4.12,14,77,146,'2017-09-16'),(49,'Avarage',3.52,37,214,332,'2020-01-11'),(50,'Good',5.31,20,59,196,'2014-08-17'),(51,'Avarage',4.44,7,269,253,'2010-12-22'),(52,'Bad',2.55,12,201,146,'2022-03-23'),(53,'Fair',3.09,40,142,255,'2012-05-05'),(54,'Avarage',4.05,18,183,177,'2014-04-01'),(55,'Good',4.52,22,208,262,'2015-08-11'),(56,'Bad',2.68,46,322,45,'2013-08-19'),(57,'Avarage',3.89,40,9,199,'2022-08-18'),(58,'Avarage',3.87,46,146,221,'2021-04-08'),(59,'Fair',3.19,40,77,108,'2019-11-11'),(60,'Excellent',6.00,19,156,40,'2013-01-04'),(61,'Bad',2.50,7,183,165,'2012-05-12'),(62,'Bad',2.82,21,141,285,'2016-10-07'),(63,'Bad',2.91,37,196,122,'2011-09-14'),(64,'Avarage',4.12,9,117,222,'2020-06-15'),(65,'Good',4.60,40,71,301,'2018-05-31'),(66,'Avarage',3.87,38,154,172,'2014-09-15'),(67,'Avarage',4.42,8,63,183,'2011-07-16'),(68,'Bad',2.98,44,127,98,'2021-08-25'),(69,'Fair',3.40,33,65,87,'2010-06-19'),(70,'Excellent',5.71,9,247,229,'2017-03-06'),(71,'Good',5.49,22,204,181,'2010-09-27'),(72,'Avarage',4.21,44,286,15,'2016-08-06'),(73,'Bad',2.26,10,70,34,'2021-03-16'),(74,'Excellent',5.72,7,139,235,'2019-12-12'),(75,'Avarage',3.70,23,44,317,'2021-09-30'),(76,'Avarage',3.51,32,287,146,'2020-05-21'),(77,'Avarage',3.69,40,319,24,'2011-06-30'),(78,'Bad',2.04,26,48,329,'2013-01-19'),(79,'Avarage',4.44,29,180,194,'2021-09-07'),(80,'Excellent',5.69,35,316,154,'2020-04-18'),(81,'Bad',2.11,38,182,274,'2013-02-11'),(82,'Avarage',4.09,33,322,110,'2021-09-07'),(83,'Bad',2.09,36,118,109,'2011-06-19'),(84,'Bad',2.45,12,79,314,'2018-12-23'),(85,'Good',5.08,34,117,186,'2016-11-05'),(86,'Good',5.31,19,142,13,'2016-07-02'),(87,'Avarage',3.74,47,48,306,'2017-07-27'),(88,'Fair',3.46,27,291,90,'2012-01-21'),(89,'Bad',2.32,42,297,4,'2014-12-09'),(90,'Good',4.92,47,202,142,'2010-03-23'),(91,'Good',5.02,29,203,303,'2015-08-03'),(92,'Avarage',3.79,28,46,54,'2014-09-22'),(93,'Fair',3.21,7,54,309,'2017-05-12'),(94,'Bad',2.19,31,285,278,'2016-07-06'),(95,'Avarage',3.59,42,96,70,'2017-12-20'),(96,'Excellent',5.82,33,72,91,'2019-04-01'),(97,'Avarage',4.14,47,222,256,'2019-09-01'),(98,'Avarage',4.44,39,13,44,'2018-02-19'),(99,'Good',4.93,43,3,299,'2012-05-29'),(100,'Avarage',3.53,45,187,307,'2017-10-11'),(101,'Good',4.91,12,185,117,'2019-07-25'),(102,'Bad',2.63,23,272,281,'2021-04-19'),(103,'Bad',2.71,35,21,73,'2017-03-31'),(104,'Avarage',3.82,32,161,67,'2012-11-07'),(105,'Excellent',5.82,18,47,152,'2013-11-20'),(106,'Bad',2.23,25,143,15,'2017-05-17'),(107,'Bad',2.28,34,34,163,'2011-01-07'),(108,'Fair',3.38,46,82,297,'2015-05-25'),(109,'Bad',2.34,26,51,191,'2015-07-02'),(110,'Fair',3.00,38,134,273,'2018-03-22'),(111,'Good',5.00,37,149,152,'2012-02-21'),(112,'Avarage',3.85,28,264,174,'2019-07-31'),(113,'Good',5.44,30,204,107,'2022-08-02'),(114,'Avarage',3.50,41,62,62,'2022-07-26'),(115,'Excellent',5.89,14,10,87,'2022-11-23'),(116,'Avarage',4.41,14,89,1,'2013-09-04'),(117,'Bad',2.72,15,264,314,'2015-04-22'),(118,'Bad',2.46,41,180,264,'2015-09-23'),(119,'Good',5.05,20,38,84,'2013-08-11'),(120,'Good',5.29,29,245,329,'2011-11-30'),(121,'Bad',2.13,18,7,225,'2020-02-20'),(122,'Bad',2.95,39,63,287,'2022-06-25'),(123,'Bad',2.66,9,90,312,'2016-09-16'),(124,'Avarage',4.49,28,125,170,'2010-03-30'),(125,'Bad',2.68,29,165,10,'2011-08-05'),(126,'Avarage',3.69,35,40,197,'2019-01-05'),(127,'Fair',3.00,19,239,182,'2022-03-27'),(128,'Bad',2.07,33,14,230,'2014-09-11'),(129,'Avarage',4.12,27,66,159,'2011-12-24'),(130,'Avarage',3.88,18,211,125,'2012-07-02'),(131,'Good',5.38,18,210,126,'2010-09-21'),(132,'Good',5.25,37,157,181,'2016-05-10'),(133,'Fair',3.12,46,51,177,'2010-08-23'),(134,'Bad',2.91,22,318,202,'2013-11-28'),(135,'Bad',2.78,39,9,13,'2010-09-25'),(136,'Good',5.48,41,196,262,'2014-10-26'),(137,'Fair',3.37,26,285,229,'2014-06-10'),(138,'Avarage',4.28,29,210,200,'2021-08-11'),(139,'Bad',2.63,39,155,333,'2015-02-02'),(140,'Good',4.85,31,114,80,'2022-06-21'),(141,'Good',5.03,17,168,133,'2015-06-26'),(142,'Bad',2.36,20,58,159,'2012-03-05'),(143,'Fair',3.11,37,299,292,'2019-07-23'),(144,'Good',5.32,30,188,19,'2019-09-19'),(145,'Excellent',5.92,10,219,102,'2021-01-30'),(146,'Fair',3.16,9,174,10,'2019-01-04'),(147,'Avarage',4.36,22,187,126,'2015-02-21'),(148,'Excellent',5.71,47,188,96,'2017-10-17'),(149,'Bad',2.31,18,144,90,'2016-08-14'),(150,'Good',5.19,44,305,107,'2014-04-17'),(151,'Good',5.09,21,50,316,'2013-12-10'),(152,'Avarage',3.68,45,23,221,'2013-12-10'),(153,'Good',5.40,28,13,147,'2014-07-12'),(154,'Excellent',5.64,12,289,116,'2010-06-30'),(155,'Fair',3.40,19,319,285,'2020-08-21'),(156,'Avarage',3.95,47,143,175,'2020-01-30'),(157,'Excellent',5.97,9,266,323,'2014-08-04'),(158,'Avarage',4.23,34,225,175,'2017-01-02'),(159,'Fair',3.13,34,271,170,'2011-04-06'),(160,'Avarage',4.13,10,7,321,'2017-11-16'),(161,'Good',5.24,31,202,309,'2018-02-21'),(162,'Bad',2.21,47,161,84,'2019-04-29'),(163,'Good',5.26,17,167,150,'2013-06-02'),(164,'Avarage',4.46,44,188,148,'2012-12-31'),(165,'Avarage',3.63,18,324,7,'2017-07-02'),(166,'Excellent',5.76,13,61,174,'2018-10-14'),(167,'Bad',2.72,32,216,284,'2018-12-08'),(168,'Good',4.52,34,273,321,'2018-09-05'),(169,'Bad',2.71,23,67,281,'2021-10-31'),(170,'Bad',2.40,41,224,123,'2018-01-29'),(171,'Fair',3.03,7,212,7,'2022-03-28'),(172,'Avarage',4.45,9,152,250,'2016-09-11'),(173,'Excellent',5.83,13,269,300,'2010-08-22'),(174,'Bad',2.19,16,160,225,'2014-02-20'),(175,'Bad',2.26,10,221,253,'2019-06-06'),(176,'Excellent',5.77,43,23,84,'2017-12-18'),(177,'Excellent',5.85,37,7,144,'2012-12-04'),(178,'Fair',3.35,21,244,233,'2019-12-30'),(179,'Good',4.57,39,301,297,'2012-02-28'),(180,'Excellent',5.52,17,204,35,'2015-08-01'),(181,'Good',5.33,41,93,28,'2013-11-15'),(182,'Fair',3.29,43,152,308,'2014-06-10'),(183,'Excellent',5.76,15,51,155,'2021-01-27'),(184,'Good',4.94,28,140,50,'2020-09-08'),(185,'Good',4.80,13,213,168,'2021-07-23'),(186,'Avarage',3.70,25,137,291,'2019-10-12'),(187,'Excellent',5.85,16,231,49,'2011-10-31'),(188,'Fair',3.49,38,201,90,'2010-02-23'),(189,'Excellent',5.52,19,83,3,'2016-04-08'),(190,'Good',4.83,38,310,321,'2013-08-27'),(191,'Excellent',5.52,17,52,39,'2010-03-24'),(192,'Good',5.15,38,94,98,'2020-06-08'),(193,'Fair',3.14,39,301,273,'2020-05-08'),(194,'Good',4.51,33,212,95,'2020-03-19'),(195,'Excellent',5.62,24,177,323,'2014-05-01'),(196,'Good',4.81,35,212,203,'2019-02-28'),(197,'Fair',3.10,17,249,106,'2021-10-03'),(198,'Good',4.66,43,328,263,'2016-07-23'),(199,'Avarage',3.69,29,86,169,'2012-03-19'),(200,'Bad',2.16,10,148,206,'2012-04-19'),(201,'Bad',2.43,25,37,101,'2010-01-27'),(202,'Excellent',5.85,9,268,294,'2019-06-18'),(203,'Good',5.00,21,169,77,'2018-12-18'),(204,'Excellent',5.92,11,265,328,'2021-07-16'),(205,'Avarage',4.15,19,298,176,'2015-01-20'),(206,'Bad',2.64,37,20,243,'2020-03-31'),(207,'Avarage',3.86,45,91,217,'2013-04-21'),(208,'Good',5.21,11,42,84,'2010-05-22'),(209,'Good',5.37,40,56,320,'2014-01-25'),(210,'Avarage',3.63,18,309,313,'2012-09-04'),(211,'Avarage',4.11,10,281,331,'2017-02-26'),(212,'Good',4.62,7,200,60,'2017-08-06'),(213,'Excellent',5.66,37,169,233,'2014-11-05'),(214,'Avarage',3.61,32,170,170,'2018-09-05'),(215,'Good',4.80,38,105,206,'2014-01-01'),(216,'Avarage',3.94,24,288,174,'2013-09-13'),(217,'Bad',2.45,7,163,166,'2021-04-01'),(218,'Bad',2.32,24,184,75,'2015-09-25'),(219,'Excellent',5.67,44,41,69,'2014-06-10'),(220,'Excellent',5.93,27,32,94,'2020-09-20'),(221,'Excellent',5.91,47,76,67,'2016-12-14'),(222,'Good',5.24,23,278,315,'2018-10-15'),(223,'Good',5.01,29,316,185,'2012-05-30'),(224,'Avarage',3.89,17,187,220,'2018-03-07'),(225,'Bad',2.89,9,286,124,'2017-11-07'),(226,'Avarage',3.89,21,10,49,'2011-10-20'),(227,'Fair',3.30,38,141,126,'2019-05-06'),(228,'Fair',3.31,26,197,220,'2013-06-04'),(229,'Bad',2.58,11,91,175,'2022-10-22'),(230,'Fair',3.45,17,195,70,'2010-04-08'),(231,'Good',4.67,45,317,67,'2019-03-17'),(232,'Fair',3.19,44,163,97,'2019-05-15'),(233,'Excellent',5.67,16,306,55,'2017-10-12'),(234,'Avarage',4.40,33,17,249,'2022-11-10'),(235,'Good',5.08,9,220,30,'2015-07-06'),(236,'Good',5.49,17,215,241,'2017-05-30'),(237,'Avarage',4.30,9,226,156,'2018-06-24'),(238,'Excellent',5.85,11,49,299,'2022-07-14'),(239,'Bad',2.79,8,207,184,'2015-08-20'),(240,'Avarage',4.16,7,317,198,'2011-04-24'),(241,'Excellent',5.85,9,32,216,'2016-06-23'),(242,'Bad',2.64,44,54,31,'2011-06-11'),(243,'Avarage',4.13,25,227,167,'2019-01-30'),(244,'Avarage',3.88,43,316,89,'2013-08-04'),(245,'Bad',2.72,28,169,285,'2019-07-01'),(246,'Bad',2.89,36,204,243,'2015-08-19'),(247,'Excellent',5.50,46,218,298,'2015-08-04'),(248,'Excellent',5.53,18,49,224,'2011-09-04'),(249,'Excellent',5.72,37,286,299,'2016-03-18'),(250,'Avarage',3.67,13,185,293,'2010-08-19'),(251,'Avarage',4.36,25,215,56,'2020-11-29'),(252,'Bad',2.77,28,234,174,'2016-01-10'),(253,'Good',4.99,42,65,61,'2012-02-13'),(254,'Avarage',3.76,10,236,73,'2014-06-30'),(255,'Bad',2.26,12,221,270,'2018-05-07'),(256,'Fair',3.20,7,257,75,'2014-04-15'),(257,'Bad',2.83,41,18,324,'2017-01-19'),(258,'Fair',3.10,12,177,238,'2010-10-13'),(259,'Good',5.03,22,145,14,'2013-09-09'),(260,'Bad',2.25,42,185,104,'2013-04-03'),(261,'Good',5.34,36,94,183,'2010-11-27'),(262,'Bad',2.54,35,141,282,'2022-11-17'),(263,'Good',4.62,24,160,244,'2010-07-31'),(264,'Avarage',3.91,21,167,252,'2013-10-19'),(265,'Good',4.96,39,139,29,'2016-06-21'),(266,'Bad',2.92,36,283,173,'2020-10-14'),(267,'Good',4.96,10,85,88,'2022-10-26'),(268,'Fair',3.25,45,296,107,'2014-12-27'),(269,'Good',4.53,19,286,266,'2013-03-03'),(270,'Good',5.31,36,139,146,'2019-08-04'),(271,'Excellent',5.65,42,89,207,'2018-03-22'),(272,'Bad',2.61,14,196,86,'2021-09-18'),(273,'Excellent',5.54,34,220,278,'2010-02-06'),(274,'Avarage',3.51,19,89,251,'2013-02-17'),(275,'Bad',2.08,25,291,229,'2014-03-31'),(276,'Good',5.26,8,77,95,'2015-07-06'),(277,'Fair',3.11,37,32,164,'2022-09-15'),(278,'Fair',3.12,31,38,181,'2021-10-26'),(279,'Fair',3.17,44,193,254,'2021-09-07'),(280,'Excellent',6.00,44,243,175,'2012-03-21'),(281,'Avarage',4.39,46,156,267,'2019-03-19'),(282,'Avarage',3.77,18,265,269,'2017-09-01'),(283,'Avarage',3.60,20,271,243,'2020-03-19'),(284,'Good',4.91,11,140,155,'2022-03-06'),(285,'Good',5.10,9,304,11,'2012-05-10'),(286,'Avarage',3.89,8,21,63,'2013-03-07'),(287,'Avarage',4.20,9,192,259,'2017-04-01'),(288,'Avarage',3.90,10,194,329,'2013-04-14'),(289,'Avarage',4.14,10,300,34,'2014-07-07'),(290,'Avarage',3.88,21,307,272,'2011-03-23'),(291,'Good',4.66,14,227,97,'2010-05-11'),(292,'Fair',3.19,18,79,62,'2017-09-12'),(293,'Bad',2.82,10,59,252,'2018-11-05'),(294,'Bad',2.53,20,192,66,'2012-05-19'),(295,'Good',4.82,40,119,131,'2010-05-29'),(296,'Good',5.31,45,227,224,'2016-08-07'),(297,'Avarage',4.02,44,192,225,'2010-11-11'),(298,'Bad',2.21,32,283,310,'2015-04-13'),(299,'Good',4.93,25,150,247,'2020-02-13'),(300,'Excellent',5.81,30,80,103,'2021-09-16'),(301,'Avarage',3.94,13,142,147,'2015-10-25'),(302,'Avarage',4.24,28,235,262,'2010-08-09'),(303,'Fair',3.00,22,275,151,'2021-07-04'),(304,'Bad',2.40,38,321,290,'2019-08-15'),(305,'Avarage',4.02,10,43,159,'2015-05-30'),(306,'Avarage',3.75,45,309,246,'2022-03-13'),(307,'Fair',3.24,45,5,112,'2015-12-05'),(308,'Fair',3.48,11,257,151,'2021-12-27'),(309,'Avarage',3.68,21,236,138,'2010-04-02'),(310,'Fair',3.00,25,96,69,'2012-11-01'),(311,'Bad',2.08,19,185,297,'2014-07-31'),(312,'Excellent',5.72,31,18,124,'2018-03-27'),(313,'Excellent',5.94,7,255,95,'2012-02-06'),(314,'Good',5.03,7,218,263,'2011-06-21'),(315,'Avarage',3.86,23,269,160,'2017-01-15'),(316,'Avarage',3.56,30,103,115,'2016-03-27'),(317,'Good',4.95,21,147,321,'2012-08-30'),(318,'Excellent',5.72,21,48,210,'2011-05-27'),(319,'Good',4.82,35,297,311,'2011-06-12'),(320,'Fair',3.07,38,288,257,'2013-04-16'),(321,'Good',4.72,34,11,30,'2013-07-15'),(322,'Fair',3.05,24,76,176,'2019-07-14'),(323,'Good',5.12,7,83,213,'2010-06-23'),(324,'Bad',2.65,42,232,9,'2011-12-12'),(325,'Bad',2.65,34,114,78,'2019-03-27'),(326,'Avarage',4.46,10,106,112,'2010-07-10'),(327,'Excellent',5.79,44,301,29,'2012-11-13'),(328,'Good',5.00,36,11,195,'2020-09-20'),(329,'Good',4.69,17,238,102,'2012-09-21'),(330,'Bad',2.78,9,243,1,'2020-08-23'),(331,'Fair',3.24,44,123,185,'2014-08-26'),(332,'Bad',2.90,9,36,312,'2017-06-04'),(333,'Avarage',4.20,25,166,315,'2011-09-13'),(334,'Fair',3.36,19,124,79,'2022-12-22'),(335,'Avarage',4.06,8,247,142,'2019-05-29'),(336,'Bad',2.15,33,60,306,'2018-08-11'),(337,'Bad',2.77,19,57,93,'2019-03-01'),(338,'Fair',3.19,30,232,142,'2010-08-05'),(339,'Bad',2.88,36,3,107,'2016-10-08'),(340,'Fair',3.35,37,282,105,'2013-02-27'),(341,'Bad',2.65,41,52,106,'2020-04-03'),(342,'Bad',2.71,43,327,286,'2018-04-06'),(343,'Bad',2.22,25,271,158,'2013-01-13'),(344,'Fair',3.13,21,75,158,'2011-09-06'),(345,'Avarage',3.80,10,30,41,'2019-08-24'),(346,'Good',4.94,11,306,149,'2015-02-15'),(347,'Fair',3.25,17,330,122,'2015-08-08'),(348,'Avarage',3.79,18,157,189,'2017-05-18'),(349,'Good',4.67,42,232,18,'2018-05-04'),(350,'Fair',3.25,46,125,311,'2017-03-04'),(351,'Bad',2.35,35,233,211,'2013-12-08'),(352,'Avarage',4.31,16,252,50,'2022-06-17'),(353,'Fair',3.40,14,292,210,'2013-11-02'),(354,'Avarage',3.86,18,155,161,'2016-10-30'),(355,'Fair',3.08,12,20,258,'2018-03-04'),(356,'Bad',2.88,13,86,296,'2019-04-14'),(357,'Good',5.13,12,255,134,'2010-02-16'),(358,'Bad',2.35,33,94,197,'2019-07-25'),(359,'Excellent',5.76,41,69,254,'2010-05-22'),(360,'Excellent',5.57,13,307,95,'2014-11-20'),(361,'Avarage',3.96,17,230,78,'2019-04-30'),(362,'Avarage',4.25,12,2,2,'2018-03-17'),(363,'Good',4.79,47,136,161,'2019-04-07'),(364,'Bad',2.89,37,212,236,'2012-08-09'),(365,'Excellent',5.77,39,108,88,'2021-03-09'),(366,'Good',5.19,38,289,154,'2020-02-26'),(367,'Avarage',3.51,30,117,96,'2016-07-14'),(368,'Good',4.57,37,266,85,'2012-02-15'),(369,'Bad',2.97,25,146,282,'2015-01-23'),(370,'Avarage',3.71,21,28,328,'2021-06-07'),(371,'Bad',2.79,37,215,61,'2020-01-27'),(372,'Avarage',3.76,45,29,326,'2012-01-27'),(373,'Good',4.83,19,51,95,'2017-08-19'),(374,'Fair',3.47,24,122,47,'2021-04-15'),(375,'Bad',2.41,34,177,251,'2016-01-13'),(376,'Avarage',4.00,30,85,155,'2018-04-11'),(377,'Bad',2.83,19,186,149,'2016-06-30'),(378,'Avarage',3.98,38,213,144,'2021-10-18'),(379,'Good',4.85,18,161,237,'2015-04-21'),(380,'Avarage',3.71,8,87,48,'2014-02-09'),(381,'Fair',3.20,19,331,242,'2017-12-03'),(382,'Avarage',4.00,34,317,169,'2018-06-29'),(383,'Bad',2.32,16,26,145,'2012-05-19'),(384,'Fair',3.43,38,242,128,'2018-07-21'),(385,'Bad',2.42,45,37,228,'2016-09-15'),(386,'Good',4.93,21,217,178,'2015-03-11'),(387,'Excellent',5.50,23,258,176,'2013-08-03'),(388,'Bad',2.33,38,28,184,'2017-11-14'),(389,'Bad',2.28,30,251,263,'2014-10-20'),(390,'Fair',3.17,8,33,50,'2010-02-14'),(391,'Fair',3.02,10,162,318,'2018-06-25'),(392,'Bad',2.42,33,137,328,'2022-08-08'),(393,'Fair',3.43,8,186,154,'2010-03-16'),(394,'Fair',3.32,36,41,297,'2011-11-19'),(395,'Good',5.39,16,60,153,'2016-10-30'),(396,'Avarage',4.41,16,325,17,'2012-01-19'),(397,'Avarage',3.93,20,290,277,'2021-12-31'),(398,'Good',5.33,35,322,18,'2010-06-07'),(399,'Fair',3.37,11,314,83,'2013-06-29'),(400,'Good',4.61,29,128,211,'2022-06-28'),(401,'Fair',3.43,42,142,298,'2021-08-03'),(402,'Good',4.68,21,112,272,'2013-06-23'),(403,'Bad',2.82,27,141,164,'2012-04-25'),(404,'Bad',2.96,22,315,218,'2019-11-27'),(405,'Bad',2.46,34,31,180,'2020-02-06'),(406,'Good',4.60,33,262,261,'2011-11-13'),(407,'Good',5.49,38,190,62,'2014-10-30'),(408,'Excellent',5.94,14,100,124,'2015-07-21'),(409,'Fair',3.44,26,217,181,'2010-10-18'),(410,'Good',5.08,44,79,232,'2022-11-24'),(411,'Bad',2.05,39,223,207,'2012-10-14'),(412,'Fair',3.15,32,185,302,'2011-05-02'),(413,'Avarage',3.50,15,133,196,'2014-04-05'),(414,'Avarage',4.05,38,239,228,'2019-04-12'),(415,'Avarage',4.37,25,271,254,'2019-12-19'),(416,'Excellent',5.97,45,95,54,'2010-11-02'),(417,'Avarage',3.92,14,252,144,'2015-10-29'),(418,'Fair',3.35,16,97,269,'2010-09-18'),(419,'Bad',2.47,33,81,329,'2018-11-24'),(420,'Bad',2.84,26,210,297,'2015-12-30'),(421,'Excellent',5.69,41,216,27,'2016-07-26'),(422,'Fair',3.17,18,122,49,'2021-08-31'),(423,'Avarage',4.29,25,290,89,'2020-04-28'),(424,'Excellent',5.80,41,51,245,'2014-12-10'),(425,'Bad',2.69,19,42,52,'2012-12-14'),(426,'Bad',2.36,27,290,93,'2020-06-21'),(427,'Bad',2.32,17,181,282,'2011-11-13'),(428,'Avarage',3.51,41,109,154,'2015-10-01'),(429,'Avarage',4.08,21,21,317,'2014-06-17'),(430,'Avarage',4.01,8,61,92,'2013-12-26'),(431,'Bad',2.07,45,248,285,'2019-04-12'),(432,'Avarage',3.50,44,261,123,'2016-01-25'),(433,'Bad',2.61,7,243,59,'2018-04-21'),(434,'Bad',2.24,16,307,122,'2015-10-24'),(435,'Bad',2.28,14,326,222,'2015-07-10'),(436,'Good',4.52,46,116,98,'2014-06-12'),(437,'Fair',3.17,26,157,198,'2016-03-05'),(438,'Good',5.37,9,245,220,'2015-06-23'),(439,'Bad',2.97,41,132,330,'2021-06-14'),(440,'Avarage',3.83,23,172,212,'2014-11-04'),(441,'Good',5.45,40,84,113,'2010-05-12'),(442,'Excellent',5.57,9,122,159,'2021-01-13'),(443,'Good',4.90,44,288,72,'2017-01-27'),(444,'Fair',3.20,25,204,11,'2014-11-26'),(445,'Fair',3.11,17,250,25,'2020-05-02'),(446,'Excellent',5.87,41,102,238,'2017-02-23'),(447,'Good',4.93,18,60,20,'2018-05-05'),(448,'Good',5.39,33,226,174,'2013-12-05'),(449,'Good',4.96,21,234,111,'2014-12-02'),(450,'Good',5.43,8,58,125,'2015-12-29'),(451,'Bad',2.48,22,79,264,'2019-03-24'),(452,'Bad',2.57,37,153,134,'2021-04-14'),(453,'Good',4.86,45,57,212,'2014-07-14'),(454,'Bad',2.53,15,27,202,'2020-07-01'),(455,'Good',4.92,23,103,59,'2015-12-03'),(456,'Bad',2.25,10,122,238,'2022-12-04'),(457,'Bad',2.39,45,253,72,'2016-02-26'),(458,'Fair',3.02,42,38,302,'2020-05-17'),(459,'Bad',2.26,15,101,137,'2016-12-14'),(460,'Bad',2.10,21,94,1,'2022-08-18'),(461,'Avarage',4.27,47,184,221,'2022-12-31'),(462,'Avarage',3.98,34,122,154,'2022-01-30'),(463,'Avarage',3.85,12,196,15,'2011-02-04'),(464,'Good',5.43,18,306,77,'2019-10-23'),(465,'Good',5.01,38,25,104,'2013-08-15'),(466,'Good',4.56,41,327,98,'2019-09-21'),(467,'Bad',2.54,45,14,77,'2016-01-12'),(468,'Fair',3.25,33,214,81,'2021-06-12'),(469,'Avarage',3.76,19,116,237,'2013-10-04'),(470,'Excellent',5.85,28,293,7,'2015-07-10'),(471,'Good',4.79,35,130,252,'2017-08-29'),(472,'Good',4.55,24,229,165,'2010-05-08'),(473,'Bad',2.38,31,199,51,'2012-04-05'),(474,'Good',4.65,16,319,18,'2014-01-20'),(475,'Fair',3.40,29,65,220,'2015-08-21'),(476,'Bad',2.12,27,285,256,'2018-07-13'),(477,'Avarage',4.28,8,183,108,'2014-08-04'),(478,'Fair',3.08,24,49,201,'2015-06-03'),(479,'Good',4.68,9,64,80,'2017-08-09'),(480,'Bad',2.82,36,225,89,'2018-10-22'),(481,'Fair',3.43,35,138,124,'2012-02-17'),(482,'Bad',2.94,40,257,234,'2020-12-09'),(483,'Good',4.56,21,121,208,'2010-10-31'),(484,'Good',4.66,8,116,27,'2021-06-19'),(485,'Avarage',3.53,37,56,128,'2017-10-05'),(486,'Excellent',5.51,32,19,207,'2020-12-28'),(487,'Good',4.65,38,84,166,'2011-07-14'),(488,'Bad',2.07,37,46,76,'2020-10-21'),(489,'Fair',3.32,40,214,281,'2022-11-22'),(490,'Bad',2.03,8,330,13,'2015-08-06'),(491,'Avarage',4.13,28,16,188,'2021-04-16'),(492,'Bad',2.15,31,157,164,'2018-10-20'),(493,'Good',5.10,17,184,98,'2021-07-10'),(494,'Bad',2.86,18,193,176,'2021-10-28'),(495,'Excellent',5.56,11,226,72,'2014-11-04'),(496,'Fair',3.47,13,101,304,'2011-04-13'),(497,'Avarage',3.71,47,84,217,'2019-12-11'),(498,'Good',5.48,34,218,259,'2020-04-07'),(499,'Avarage',4.20,47,333,226,'2011-04-14'),(500,'Good',4.56,20,6,190,'2010-08-13'),(501,'Good',5.33,10,299,190,'2011-02-12'),(502,'Avarage',3.67,39,180,17,'2019-11-23'),(503,'Avarage',3.62,26,230,103,'2010-03-03'),(504,'Good',5.11,12,85,288,'2022-05-26'),(505,'Bad',2.63,12,212,297,'2021-05-02'),(506,'Avarage',3.94,12,299,132,'2018-11-16'),(507,'Bad',2.18,24,262,263,'2019-01-09'),(508,'Bad',2.21,34,48,26,'2010-06-24'),(509,'Good',5.14,9,315,64,'2014-11-11'),(510,'Good',4.79,32,286,12,'2020-05-22'),(511,'Avarage',3.97,12,288,247,'2018-05-03'),(512,'Good',5.31,45,105,122,'2010-09-26'),(513,'Avarage',4.34,8,17,96,'2012-10-09'),(514,'Good',5.45,39,263,298,'2021-02-23'),(515,'Good',4.67,10,154,206,'2020-07-01'),(516,'Fair',3.33,26,135,196,'2012-01-23'),(517,'Good',5.42,45,213,111,'2021-04-01'),(518,'Good',5.20,25,210,228,'2012-08-17'),(519,'Avarage',3.90,10,275,304,'2012-01-19'),(520,'Excellent',5.50,44,264,44,'2015-08-18'),(521,'Excellent',5.91,44,211,254,'2018-03-10'),(522,'Bad',2.46,32,140,217,'2018-03-24'),(523,'Excellent',5.94,40,38,70,'2021-07-22'),(524,'Avarage',3.73,31,60,287,'2021-02-28'),(525,'Avarage',3.72,24,120,26,'2017-03-25'),(526,'Good',4.64,8,213,217,'2021-11-10'),(527,'Good',5.45,41,260,304,'2011-10-29'),(528,'Excellent',5.52,20,271,272,'2013-06-09'),(529,'Good',5.09,24,247,163,'2022-03-19'),(530,'Excellent',5.94,41,245,186,'2014-05-10'),(531,'Avarage',4.42,19,37,153,'2021-08-02'),(532,'Good',4.81,21,31,309,'2017-04-29'),(533,'Good',4.89,40,154,174,'2014-02-20'),(534,'Bad',2.11,23,253,209,'2016-12-27'),(535,'Avarage',3.50,13,275,19,'2017-09-09'),(536,'Excellent',5.77,22,314,230,'2015-03-27'),(537,'Good',5.32,17,275,302,'2020-10-08'),(538,'Good',5.45,17,122,72,'2011-06-08'),(539,'Avarage',4.02,35,69,160,'2010-02-18'),(540,'Excellent',5.60,39,297,11,'2021-11-19'),(541,'Good',5.33,26,164,185,'2011-12-21'),(542,'Avarage',4.44,39,79,149,'2011-01-21'),(543,'Bad',2.94,26,179,31,'2015-12-11'),(544,'Good',4.53,28,66,27,'2012-07-02'),(545,'Avarage',4.06,19,161,15,'2020-04-05'),(546,'Good',4.82,40,320,143,'2020-07-22'),(547,'Avarage',3.81,42,43,189,'2016-01-11'),(548,'Excellent',5.66,9,185,233,'2010-05-18'),(549,'Avarage',4.20,37,168,94,'2011-04-29'),(550,'Avarage',4.23,15,100,19,'2012-10-13'),(551,'Avarage',4.05,26,77,49,'2013-01-11'),(552,'Good',4.51,27,111,319,'2017-04-25'),(553,'Avarage',3.58,9,289,13,'2018-03-20'),(554,'Good',4.70,44,107,99,'2018-08-27'),(555,'Good',4.65,9,311,51,'2015-06-05'),(556,'Good',4.86,41,254,266,'2015-11-22'),(557,'Avarage',3.74,12,180,77,'2021-05-04'),(558,'Excellent',5.90,20,135,160,'2012-01-03'),(559,'Fair',3.39,12,154,182,'2015-03-03'),(560,'Avarage',4.00,30,145,260,'2022-06-22'),(561,'Avarage',4.49,21,19,42,'2017-01-18'),(562,'Bad',2.66,14,149,299,'2015-08-03'),(563,'Fair',3.12,40,6,45,'2011-04-08'),(564,'Good',5.21,29,22,180,'2010-07-05'),(565,'Bad',2.37,14,102,51,'2021-10-21'),(566,'Good',5.17,29,261,114,'2011-01-05'),(567,'Bad',2.42,16,214,270,'2019-08-07'),(568,'Avarage',4.22,18,38,23,'2018-10-13'),(569,'Avarage',3.94,25,305,6,'2013-06-17'),(570,'Good',4.91,8,114,154,'2015-04-08'),(571,'Avarage',4.01,22,292,146,'2014-04-17'),(572,'Excellent',5.98,8,183,205,'2019-10-26'),(573,'Fair',3.17,31,191,199,'2012-06-30'),(574,'Avarage',4.31,32,305,101,'2013-03-01'),(575,'Bad',2.17,11,74,125,'2013-08-29'),(576,'Fair',3.47,17,119,199,'2017-02-18'),(577,'Excellent',5.52,24,231,109,'2012-04-14'),(578,'Fair',3.40,26,283,22,'2019-01-21'),(579,'Excellent',5.67,34,130,38,'2010-11-26'),(580,'Good',4.90,47,237,193,'2019-09-04'),(581,'Bad',2.83,14,214,275,'2015-10-31'),(582,'Excellent',5.80,17,160,89,'2011-06-14'),(583,'Fair',3.32,11,251,70,'2012-02-12'),(584,'Bad',2.86,25,317,170,'2019-06-07'),(585,'Avarage',3.88,47,77,251,'2011-04-29'),(586,'Excellent',5.91,16,203,252,'2014-04-09'),(587,'Fair',3.22,35,162,38,'2022-02-09'),(588,'Bad',2.19,11,150,186,'2018-06-26'),(589,'Fair',3.47,9,166,180,'2011-07-26'),(590,'Good',4.64,28,13,68,'2011-10-20'),(591,'Avarage',4.02,24,129,144,'2016-11-23'),(592,'Good',5.43,41,274,113,'2018-10-06'),(593,'Avarage',4.06,12,299,100,'2019-04-07'),(594,'Bad',2.02,7,2,88,'2010-08-29'),(595,'Fair',3.10,21,155,308,'2014-11-02'),(596,'Good',4.66,35,41,218,'2019-05-20'),(597,'Fair',3.31,7,190,250,'2022-10-15'),(598,'Avarage',3.74,34,8,331,'2015-06-09'),(599,'Avarage',4.16,29,82,221,'2013-09-12'),(600,'Good',4.89,9,234,137,'2019-04-02'),(601,'Avarage',4.40,44,199,298,'2010-12-17'),(602,'Excellent',5.59,36,333,191,'2020-03-30'),(603,'Avarage',3.71,32,164,28,'2019-12-02'),(604,'Good',5.30,46,121,65,'2019-01-21'),(605,'Bad',2.21,30,86,6,'2021-06-28'),(606,'Avarage',4.07,18,259,12,'2016-03-18'),(607,'Fair',3.33,26,36,110,'2014-10-27'),(608,'Good',5.27,39,231,185,'2015-01-20'),(609,'Good',4.53,26,198,247,'2014-12-30'),(610,'Fair',3.18,19,36,292,'2021-04-16'),(611,'Good',5.35,29,221,306,'2013-08-09'),(612,'Bad',2.33,38,195,236,'2012-04-13'),(613,'Bad',2.22,43,321,37,'2011-02-07'),(614,'Avarage',4.49,25,235,124,'2018-06-29'),(615,'Fair',3.16,45,187,307,'2016-08-23'),(616,'Good',4.69,7,50,238,'2015-08-07'),(617,'Good',5.35,31,117,4,'2013-06-21'),(618,'Bad',2.25,31,167,259,'2014-11-02'),(619,'Fair',3.32,26,230,103,'2022-03-08'),(620,'Bad',2.46,43,249,117,'2017-07-14'),(621,'Avarage',3.94,42,245,213,'2011-11-26'),(622,'Bad',2.23,44,129,80,'2011-02-11'),(623,'Bad',2.75,31,214,175,'2017-03-21'),(624,'Good',5.30,46,250,328,'2011-08-29'),(625,'Bad',2.88,44,226,305,'2021-05-15'),(626,'Good',4.58,21,3,14,'2018-07-12'),(627,'Avarage',3.92,35,29,303,'2010-07-21'),(628,'Fair',3.15,39,188,182,'2011-11-02'),(629,'Fair',3.20,44,156,84,'2021-04-30'),(630,'Avarage',3.51,38,295,261,'2017-04-11'),(631,'Bad',2.16,22,53,218,'2017-05-07'),(632,'Avarage',3.77,47,301,217,'2019-11-06'),(633,'Good',5.25,40,148,86,'2015-05-11'),(634,'Bad',2.78,10,165,79,'2014-08-27'),(635,'Bad',2.50,8,122,136,'2018-09-19'),(636,'Fair',3.24,47,191,29,'2018-08-02'),(637,'Avarage',4.08,43,301,108,'2014-07-14'),(638,'Avarage',4.02,39,154,111,'2016-01-22'),(639,'Bad',2.64,13,75,12,'2020-12-09'),(640,'Excellent',5.81,23,183,173,'2018-02-11'),(641,'Good',4.58,28,188,24,'2022-06-14'),(642,'Avarage',3.95,12,154,182,'2017-01-21'),(643,'Avarage',3.66,19,116,124,'2013-06-28'),(644,'Bad',2.29,27,208,219,'2013-04-10'),(645,'Good',5.30,14,322,238,'2021-03-12'),(646,'Avarage',3.68,45,145,120,'2014-08-12'),(647,'Good',5.21,35,138,172,'2017-08-29'),(648,'Excellent',5.57,47,23,185,'2010-10-10'),(649,'Good',4.86,20,312,59,'2017-01-06'),(650,'Avarage',4.42,27,77,174,'2022-03-28'),(651,'Good',5.32,8,9,43,'2015-11-30'),(652,'Fair',3.05,28,114,18,'2017-12-14'),(653,'Bad',2.42,27,246,314,'2016-04-03'),(654,'Avarage',3.69,37,262,212,'2019-03-02'),(655,'Bad',2.94,40,105,131,'2017-05-07'),(656,'Avarage',4.16,24,64,124,'2022-11-05'),(657,'Good',4.83,27,99,242,'2013-01-10'),(658,'Avarage',4.41,31,119,228,'2018-04-05'),(659,'Avarage',4.41,42,158,201,'2020-09-08'),(660,'Avarage',3.64,32,262,172,'2012-12-18'),(661,'Bad',2.15,10,100,95,'2015-08-29'),(662,'Bad',2.18,16,190,41,'2012-12-25'),(663,'Avarage',4.07,41,61,135,'2016-09-21'),(664,'Fair',3.01,23,37,220,'2020-09-19'),(665,'Fair',3.02,39,103,10,'2013-12-11'),(666,'Avarage',3.57,26,27,308,'2016-10-04'),(667,'Fair',3.09,39,276,150,'2019-12-04'),(668,'Good',5.44,21,214,119,'2019-06-14'),(669,'Avarage',3.98,29,196,310,'2022-10-11'),(670,'Excellent',5.93,28,120,190,'2021-01-21'),(671,'Bad',2.61,17,89,178,'2011-01-25'),(672,'Fair',3.32,30,151,228,'2020-05-31'),(673,'Excellent',5.62,37,142,145,'2016-11-24'),(674,'Avarage',3.51,32,13,167,'2014-01-25'),(675,'Avarage',3.89,11,311,115,'2018-01-30'),(676,'Excellent',5.99,32,219,60,'2017-11-05'),(677,'Good',4.57,30,65,139,'2020-08-16'),(678,'Bad',2.46,33,62,131,'2013-12-12'),(679,'Bad',2.00,8,202,130,'2013-06-19'),(680,'Good',5.21,29,254,290,'2016-10-03'),(681,'Good',5.37,9,13,169,'2010-11-13'),(682,'Avarage',4.35,46,57,60,'2022-10-12'),(683,'Avarage',4.29,28,191,43,'2017-10-27'),(684,'Good',4.79,41,142,12,'2022-02-02'),(685,'Avarage',4.19,21,119,117,'2011-05-14'),(686,'Good',5.11,35,14,141,'2022-05-24'),(687,'Fair',3.34,25,11,88,'2013-08-05'),(688,'Avarage',3.55,39,332,140,'2019-03-12'),(689,'Excellent',5.84,42,190,8,'2020-04-22'),(690,'Avarage',4.34,8,265,144,'2018-11-14'),(691,'Avarage',4.42,39,322,109,'2015-07-24'),(692,'Excellent',5.67,23,66,161,'2019-04-11'),(693,'Excellent',5.62,28,239,79,'2018-05-16'),(694,'Good',5.01,27,261,117,'2017-12-22'),(695,'Excellent',5.66,14,319,109,'2012-06-15'),(696,'Avarage',4.39,33,256,136,'2019-06-20'),(697,'Excellent',5.89,21,136,274,'2010-05-02'),(698,'Bad',2.65,15,58,51,'2015-10-09'),(699,'Good',5.28,14,185,163,'2022-04-30'),(700,'Avarage',3.73,30,9,19,'2014-06-09'),(701,'Bad',2.59,20,72,312,'2017-09-08'),(702,'Excellent',5.77,20,187,211,'2021-03-18'),(703,'Avarage',3.58,33,97,126,'2010-12-30'),(704,'Good',4.94,17,320,41,'2018-12-17'),(705,'Avarage',3.80,44,41,88,'2021-03-04'),(706,'Avarage',4.00,15,63,271,'2018-07-01'),(707,'Fair',3.44,47,108,252,'2011-01-21'),(708,'Good',4.92,43,285,79,'2012-03-09'),(709,'Excellent',5.81,17,330,50,'2011-01-31'),(710,'Bad',2.95,28,20,94,'2022-07-03'),(711,'Excellent',5.60,35,246,153,'2012-03-22'),(712,'Avarage',4.37,34,163,187,'2022-01-29'),(713,'Avarage',4.41,42,26,230,'2014-10-18'),(714,'Good',5.21,25,213,71,'2013-12-06'),(715,'Avarage',4.27,19,6,29,'2012-02-06'),(716,'Avarage',3.80,11,145,79,'2015-11-18'),(717,'Avarage',3.89,21,157,55,'2018-03-01'),(718,'Good',5.29,13,319,179,'2017-08-20'),(719,'Good',4.82,45,51,319,'2019-05-09'),(720,'Avarage',3.91,31,296,108,'2014-07-20'),(721,'Bad',2.22,11,212,172,'2013-03-01'),(722,'Excellent',5.54,13,207,301,'2010-09-25'),(723,'Excellent',5.61,43,292,24,'2022-02-22'),(724,'Excellent',5.64,32,221,73,'2013-11-28'),(725,'Avarage',3.51,9,193,235,'2015-07-02'),(726,'Bad',2.94,27,184,216,'2014-10-17'),(727,'Avarage',3.71,43,222,139,'2012-01-17'),(728,'Bad',2.60,33,290,326,'2021-12-03'),(729,'Avarage',3.85,35,142,61,'2011-08-13'),(730,'Excellent',5.50,24,129,262,'2021-08-12'),(731,'Bad',2.10,8,240,136,'2017-07-06'),(732,'Avarage',3.91,43,323,325,'2014-11-08'),(733,'Fair',3.19,7,75,243,'2014-08-15'),(734,'Avarage',4.28,28,7,34,'2022-01-11'),(735,'Good',4.62,15,56,127,'2022-01-25'),(736,'Excellent',5.60,34,330,323,'2012-08-27'),(737,'Bad',2.77,15,171,202,'2021-10-14'),(738,'Good',5.36,13,153,142,'2021-11-10'),(739,'Bad',2.98,29,186,327,'2010-12-02'),(740,'Bad',2.18,36,27,118,'2015-11-13'),(741,'Avarage',3.66,43,271,279,'2021-05-04'),(742,'Avarage',4.43,19,94,175,'2011-05-30'),(743,'Avarage',3.75,14,154,241,'2018-02-10'),(744,'Good',4.88,27,323,192,'2020-10-21'),(745,'Good',4.75,12,203,27,'2016-08-24'),(746,'Bad',2.05,30,164,151,'2016-06-24'),(747,'Fair',3.26,36,226,322,'2014-06-25'),(748,'Bad',2.40,10,85,97,'2014-06-10'),(749,'Bad',2.74,18,46,285,'2015-11-17'),(750,'Avarage',3.85,31,262,310,'2019-07-29'),(751,'Bad',2.49,15,35,139,'2011-04-22'),(752,'Bad',2.59,21,298,123,'2015-09-13'),(753,'Avarage',3.83,40,52,172,'2019-06-03'),(754,'Fair',3.36,11,132,225,'2017-10-11'),(755,'Avarage',3.50,9,196,48,'2011-04-10'),(756,'Fair',3.05,20,61,275,'2016-12-15'),(757,'Bad',2.16,34,155,159,'2022-01-25'),(758,'Avarage',3.94,35,7,25,'2020-02-01'),(759,'Fair',3.43,25,186,129,'2013-06-18'),(760,'Bad',2.86,41,332,261,'2016-05-19'),(761,'Bad',2.29,18,323,3,'2016-06-15'),(762,'Bad',2.83,29,293,47,'2012-02-18'),(763,'Fair',3.06,40,249,197,'2010-07-28'),(764,'Bad',2.30,17,300,105,'2012-06-20'),(765,'Bad',2.85,35,122,308,'2014-12-28'),(766,'Avarage',3.68,47,268,6,'2020-05-14'),(767,'Fair',3.17,43,257,104,'2017-06-17'),(768,'Bad',2.13,45,246,48,'2015-10-07'),(769,'Bad',2.59,43,262,255,'2014-11-11'),(770,'Good',4.67,28,233,261,'2022-06-11'),(771,'Fair',3.03,26,270,262,'2017-02-03'),(772,'Good',4.54,26,215,261,'2019-04-22'),(773,'Avarage',4.31,17,46,312,'2016-09-18'),(774,'Good',4.64,22,93,194,'2013-06-27'),(775,'Bad',2.25,44,163,165,'2016-03-18'),(776,'Avarage',3.80,26,44,121,'2011-10-04'),(777,'Avarage',3.79,14,240,310,'2015-08-15'),(778,'Bad',2.72,27,145,145,'2011-05-04'),(779,'Bad',2.89,45,61,250,'2020-04-05'),(780,'Fair',3.45,21,232,53,'2022-01-07'),(781,'Excellent',5.69,7,250,226,'2010-04-25'),(782,'Fair',3.30,26,5,322,'2020-08-08'),(783,'Excellent',5.87,28,61,35,'2016-01-17'),(784,'Bad',2.00,44,5,129,'2015-01-15'),(785,'Good',5.00,25,13,134,'2020-04-23'),(786,'Excellent',5.52,34,140,178,'2011-10-25'),(787,'Bad',2.08,19,100,109,'2018-06-08'),(788,'Excellent',5.84,9,144,16,'2019-11-05'),(789,'Bad',2.77,41,310,300,'2020-10-03'),(790,'Avarage',3.56,32,169,207,'2015-02-11'),(791,'Good',5.44,24,302,244,'2013-08-03'),(792,'Good',4.83,8,52,129,'2011-09-13'),(793,'Avarage',3.93,35,307,281,'2018-05-26'),(794,'Bad',2.11,13,281,39,'2017-07-16'),(795,'Excellent',5.90,30,135,243,'2022-05-31'),(796,'Bad',2.82,7,164,294,'2019-03-18'),(797,'Fair',3.36,27,237,217,'2010-11-02'),(798,'Fair',3.44,28,212,50,'2015-08-23'),(799,'Avarage',4.03,21,57,30,'2015-10-25'),(800,'Fair',3.06,39,89,31,'2019-04-13'),(801,'Good',4.88,28,43,14,'2022-01-08'),(802,'Fair',3.12,43,123,247,'2021-09-18'),(803,'Excellent',5.82,11,247,61,'2022-07-30'),(804,'Avarage',4.08,7,45,299,'2016-06-08'),(805,'Bad',2.81,9,14,66,'2012-06-25'),(806,'Avarage',3.96,46,147,173,'2014-12-31'),(807,'Avarage',4.28,7,218,64,'2021-12-25'),(808,'Good',5.20,14,111,64,'2015-12-08'),(809,'Fair',3.10,33,239,163,'2011-07-27'),(810,'Excellent',5.71,25,55,178,'2022-07-08'),(811,'Good',5.26,44,35,266,'2011-05-03'),(812,'Good',5.45,21,69,78,'2020-09-23'),(813,'Fair',3.05,33,90,123,'2022-10-29'),(814,'Excellent',5.98,32,220,212,'2014-06-12'),(815,'Fair',3.17,16,121,178,'2016-01-26'),(816,'Good',5.00,23,27,35,'2018-11-07'),(817,'Bad',2.97,14,251,251,'2019-02-01'),(818,'Fair',3.06,11,10,205,'2018-07-13'),(819,'Fair',3.31,9,211,156,'2015-02-27'),(820,'Fair',3.33,28,247,178,'2013-03-05'),(821,'Avarage',3.60,22,62,242,'2011-12-08'),(822,'Fair',3.34,18,78,94,'2020-08-13'),(823,'Good',5.37,46,317,199,'2018-01-04'),(824,'Good',5.03,22,97,107,'2022-10-01'),(825,'Good',5.23,28,243,164,'2018-11-08'),(826,'Avarage',4.21,47,204,92,'2015-05-25'),(827,'Bad',2.61,9,64,102,'2010-11-27'),(828,'Avarage',4.19,27,37,281,'2022-03-06'),(829,'Good',4.74,47,253,44,'2014-01-27'),(830,'Good',5.43,35,328,216,'2020-01-01'),(831,'Bad',2.43,12,200,248,'2010-12-02'),(832,'Bad',2.35,28,89,132,'2022-12-24'),(833,'Good',4.70,35,25,108,'2018-07-10'),(834,'Excellent',5.83,42,193,231,'2010-12-25'),(835,'Good',4.58,22,176,216,'2022-12-30'),(836,'Good',4.57,17,55,25,'2011-08-07'),(837,'Fair',3.49,25,320,34,'2021-01-10'),(838,'Avarage',3.79,22,120,12,'2022-08-11'),(839,'Good',5.19,46,255,276,'2012-07-23'),(840,'Fair',3.04,15,201,92,'2015-04-24'),(841,'Fair',3.23,46,62,304,'2012-10-31'),(842,'Bad',2.89,32,85,56,'2012-07-02'),(843,'Good',4.73,31,147,92,'2018-04-11'),(844,'Fair',3.06,34,125,162,'2021-03-29'),(845,'Avarage',4.31,26,253,277,'2013-10-11'),(846,'Excellent',6.00,11,188,218,'2015-11-10'),(847,'Avarage',3.77,38,305,221,'2011-11-16'),(848,'Avarage',3.95,14,25,314,'2013-12-15'),(849,'Good',4.94,18,256,4,'2011-06-22'),(850,'Bad',2.90,7,313,222,'2013-07-24'),(851,'Excellent',5.86,11,51,120,'2010-02-14'),(852,'Bad',2.30,40,119,131,'2015-04-23'),(853,'Bad',2.12,39,55,107,'2010-06-26'),(854,'Bad',2.69,12,131,13,'2012-08-22'),(855,'Good',5.47,11,87,315,'2017-05-06'),(856,'Avarage',3.54,31,210,251,'2011-05-29'),(857,'Avarage',3.76,44,117,234,'2013-09-14'),(858,'Bad',2.78,9,212,186,'2022-10-30'),(859,'Good',4.85,31,122,329,'2020-07-31'),(860,'Good',4.60,22,81,138,'2020-02-02'),(861,'Fair',3.35,18,195,179,'2014-02-04'),(862,'Bad',2.08,46,208,40,'2022-10-22'),(863,'Bad',2.45,36,16,284,'2011-11-11'),(864,'Avarage',3.68,32,238,98,'2014-07-26'),(865,'Good',5.28,34,222,29,'2021-08-06'),(866,'Good',4.90,39,153,260,'2011-05-11'),(867,'Bad',2.74,9,173,146,'2012-03-16'),(868,'Fair',3.23,25,190,144,'2021-11-04'),(869,'Fair',3.40,17,26,107,'2014-06-13'),(870,'Good',4.61,21,274,187,'2014-06-21'),(871,'Avarage',3.50,35,267,235,'2020-10-28'),(872,'Good',5.19,47,285,173,'2019-06-24'),(873,'Avarage',3.87,25,257,226,'2015-12-21'),(874,'Bad',2.26,28,320,187,'2022-11-05'),(875,'Bad',2.10,32,57,64,'2010-05-06'),(876,'Bad',2.71,29,1,103,'2022-06-08'),(877,'Good',4.61,9,265,254,'2012-05-04'),(878,'Avarage',4.30,31,253,242,'2019-10-08'),(879,'Bad',2.72,29,231,157,'2018-12-21'),(880,'Good',5.24,11,56,171,'2012-12-30'),(881,'Bad',2.44,11,181,115,'2013-07-09'),(882,'Good',4.66,23,222,241,'2019-12-14'),(883,'Good',5.26,19,102,63,'2020-09-14'),(884,'Avarage',3.84,15,227,160,'2010-07-07'),(885,'Excellent',5.58,45,48,60,'2019-11-18'),(886,'Bad',2.12,10,220,325,'2018-08-12'),(887,'Bad',2.22,10,199,144,'2022-06-30'),(888,'Avarage',4.00,25,96,272,'2015-11-19'),(889,'Bad',2.35,35,103,62,'2016-08-21'),(890,'Fair',3.03,17,249,104,'2021-08-04'),(891,'Bad',2.80,15,290,29,'2020-11-22'),(892,'Bad',2.71,45,110,191,'2021-03-13'),(893,'Good',4.95,27,45,16,'2012-01-12'),(894,'Bad',2.58,26,315,197,'2015-06-22'),(895,'Excellent',5.70,31,1,189,'2011-03-21'),(896,'Fair',3.14,24,100,269,'2013-01-09'),(897,'Bad',2.43,28,221,10,'2010-08-22'),(898,'Fair',3.05,10,274,331,'2013-09-17'),(899,'Avarage',3.79,24,10,282,'2022-08-24'),(900,'Good',5.41,11,333,122,'2012-06-03'),(901,'Good',5.25,22,314,42,'2013-08-27'),(902,'Bad',2.54,40,79,299,'2013-01-11'),(903,'Bad',2.55,15,210,181,'2022-07-04'),(904,'Bad',2.32,23,263,58,'2020-01-02'),(905,'Good',5.40,19,223,266,'2015-09-27'),(906,'Bad',2.67,17,62,257,'2013-08-24'),(907,'Avarage',4.43,31,81,331,'2022-05-03'),(908,'Excellent',5.86,42,233,147,'2010-08-21'),(909,'Bad',2.59,32,285,1,'2012-04-18'),(910,'Good',4.76,37,268,199,'2017-11-29'),(911,'Good',4.94,21,179,170,'2022-01-24'),(912,'Good',5.46,36,282,114,'2016-12-08'),(913,'Bad',2.05,29,8,324,'2013-11-09'),(914,'Excellent',5.61,28,174,321,'2017-08-02'),(915,'Avarage',4.16,20,241,81,'2016-07-26'),(916,'Good',4.69,21,297,219,'2017-02-22'),(917,'Bad',2.83,11,23,36,'2012-02-07'),(918,'Good',4.61,15,150,73,'2011-05-08'),(919,'Avarage',4.10,7,165,88,'2017-09-08'),(920,'Good',5.15,9,162,251,'2012-12-25'),(921,'Good',4.68,33,262,314,'2011-11-11'),(922,'Good',4.75,26,227,33,'2019-04-29'),(923,'Bad',2.87,37,233,55,'2015-03-17'),(924,'Bad',2.36,24,300,75,'2015-11-10'),(925,'Avarage',3.81,22,92,290,'2016-07-29'),(926,'Bad',2.79,33,136,5,'2022-08-18'),(927,'Bad',2.23,25,26,149,'2017-06-13'),(928,'Fair',3.29,21,161,136,'2010-07-02'),(929,'Bad',2.57,18,185,282,'2021-08-18'),(930,'Good',4.96,32,36,229,'2020-04-26'),(931,'Bad',2.27,14,62,161,'2021-10-17'),(932,'Avarage',3.55,44,139,215,'2021-08-17'),(933,'Bad',2.51,31,332,178,'2020-02-15'),(934,'Fair',3.32,7,279,134,'2016-07-20'),(935,'Excellent',6.00,10,240,137,'2022-05-05'),(936,'Excellent',5.91,23,245,201,'2010-06-29'),(937,'Avarage',4.11,29,209,260,'2020-06-11'),(938,'Good',4.93,15,211,23,'2010-09-14'),(939,'Avarage',4.45,44,155,189,'2017-10-11'),(940,'Good',4.91,44,183,52,'2016-03-27'),(941,'Avarage',3.69,33,199,219,'2019-04-12'),(942,'Bad',2.36,40,223,295,'2021-11-09'),(943,'Fair',3.41,18,279,171,'2013-08-02'),(944,'Avarage',3.60,44,76,187,'2021-09-23'),(945,'Avarage',4.10,31,117,292,'2022-07-11'),(946,'Fair',3.35,25,318,121,'2013-12-16'),(947,'Bad',2.65,43,169,223,'2017-05-04'),(948,'Good',5.34,44,21,42,'2017-06-11'),(949,'Avarage',4.43,31,158,238,'2021-11-27'),(950,'Fair',3.01,14,109,113,'2017-01-27'),(951,'Bad',2.31,21,3,140,'2010-12-03'),(952,'Avarage',3.82,24,76,237,'2022-04-17'),(953,'Good',4.95,47,227,174,'2019-01-10'),(954,'Good',4.64,20,274,238,'2019-08-30'),(955,'Bad',2.73,44,69,261,'2010-07-24'),(956,'Bad',2.50,29,276,28,'2017-05-01'),(957,'Excellent',5.68,41,92,67,'2020-10-28'),(958,'Bad',2.19,15,13,87,'2016-08-25'),(959,'Good',4.52,46,314,95,'2013-06-05'),(960,'Good',4.61,33,106,133,'2016-02-09'),(961,'Bad',2.43,9,145,1,'2019-03-14'),(962,'Fair',3.14,9,164,77,'2021-11-01'),(963,'Good',5.29,36,83,176,'2012-01-04'),(964,'Avarage',3.63,24,27,306,'2014-12-23'),(965,'Avarage',4.48,21,304,274,'2019-02-12'),(966,'Fair',3.38,18,188,10,'2010-06-09'),(967,'Good',4.95,27,130,115,'2019-10-24'),(968,'Good',4.74,11,328,121,'2020-04-21'),(969,'Excellent',5.62,25,292,163,'2018-03-30'),(970,'Avarage',4.26,46,194,173,'2016-01-29'),(971,'Bad',2.57,16,88,324,'2019-09-13'),(972,'Avarage',3.91,26,112,113,'2011-05-27'),(973,'Bad',2.16,19,288,70,'2016-07-27'),(974,'Good',5.20,25,239,77,'2011-06-14'),(975,'Fair',3.45,37,86,211,'2016-09-15'),(976,'Avarage',4.31,40,150,314,'2013-01-02'),(977,'Fair',3.34,8,32,262,'2015-09-27'),(978,'Good',5.27,31,324,155,'2016-06-24'),(979,'Avarage',4.26,12,1,301,'2016-05-01'),(980,'Bad',2.45,18,20,329,'2012-08-13'),(981,'Bad',2.13,41,113,9,'2015-04-16'),(982,'Bad',2.90,41,234,143,'2010-01-02'),(983,'Good',4.86,20,6,226,'2011-08-05'),(984,'Excellent',5.57,31,146,195,'2014-07-22'),(985,'Good',4.65,8,38,297,'2019-05-26'),(986,'Avarage',4.46,9,3,111,'2022-07-02'),(987,'Good',4.61,34,127,229,'2012-08-08'),(988,'Avarage',3.87,18,333,165,'2010-06-19'),(989,'Bad',2.58,30,20,42,'2015-12-29'),(990,'Excellent',5.50,29,121,289,'2015-01-05'),(991,'Bad',2.23,19,203,8,'2012-08-31'),(992,'Avarage',3.92,20,181,179,'2013-10-17'),(993,'Bad',2.40,26,322,111,'2020-04-10'),(994,'Excellent',5.84,32,104,59,'2011-09-02'),(995,'Avarage',4.48,46,193,68,'2020-01-14'),(996,'Bad',2.55,12,244,210,'2020-06-10'),(997,'Fair',3.08,9,182,112,'2019-11-06'),(998,'Excellent',5.78,18,285,72,'2021-08-10'),(999,'Good',5.12,16,156,283,'2012-08-11'),(1000,'Bad',2.72,20,275,218,'2022-02-01'),(1001,'Avarage',4.40,14,63,250,'2017-02-23'),(1002,'Avarage',3.91,15,161,193,'2020-01-13'),(1003,'Excellent',5.73,28,68,239,'2022-03-15'),(1004,'Bad',2.16,8,184,129,'2015-10-31'),(1005,'Bad',2.43,43,210,192,'2020-05-16'),(1006,'Avarage',4.41,23,284,100,'2022-07-10'),(1007,'Avarage',3.65,30,313,97,'2015-09-22'),(1008,'Excellent',5.76,27,249,332,'2017-07-29'),(1009,'Fair',3.19,11,180,322,'2012-12-14'),(1010,'Avarage',4.42,18,189,80,'2020-07-21'),(1011,'Good',5.17,32,178,126,'2011-08-05'),(1012,'Bad',2.40,37,193,204,'2014-05-06'),(1013,'Avarage',3.93,7,213,186,'2010-04-27'),(1014,'Avarage',4.06,9,34,89,'2010-10-23'),(1015,'Avarage',4.47,43,110,169,'2010-10-27'),(1016,'Excellent',5.53,38,114,164,'2019-03-13'),(1017,'Avarage',4.28,23,35,182,'2020-03-29'),(1018,'Excellent',5.72,45,324,202,'2020-06-14'),(1019,'Good',4.99,34,251,159,'2018-07-31'),(1020,'Bad',2.02,35,15,178,'2019-08-14'),(1021,'Good',4.78,32,172,17,'2020-11-01'),(1022,'Fair',3.08,19,238,285,'2019-05-07'),(1023,'Avarage',4.15,42,196,171,'2014-04-25'),(1024,'Bad',2.11,8,116,311,'2013-03-25'),(1025,'Avarage',4.03,16,90,147,'2013-05-30'),(1026,'Good',4.66,12,119,224,'2015-11-28'),(1027,'Avarage',3.50,24,174,189,'2014-02-15'),(1028,'Bad',2.32,14,109,113,'2014-11-26'),(1029,'Bad',2.72,28,177,74,'2014-05-31'),(1030,'Bad',2.90,39,317,250,'2019-04-07'),(1031,'Fair',3.22,10,55,279,'2016-02-27'),(1032,'Avarage',3.56,23,276,94,'2017-02-16'),(1033,'Bad',2.14,15,233,51,'2013-11-14'),(1034,'Avarage',3.54,11,144,172,'2017-03-30'),(1035,'Avarage',4.06,43,322,197,'2018-06-21'),(1036,'Avarage',4.23,20,1,310,'2018-04-03'),(1037,'Fair',3.17,20,35,82,'2010-10-20'),(1038,'Good',4.70,10,322,5,'2018-10-06'),(1039,'Good',5.14,44,235,218,'2017-03-08'),(1040,'Bad',2.24,47,211,318,'2019-11-17'),(1041,'Bad',2.80,21,283,191,'2016-10-11'),(1042,'Good',4.85,26,103,219,'2018-01-10'),(1043,'Bad',2.68,29,98,328,'2020-07-05'),(1044,'Avarage',4.16,38,6,77,'2018-06-09'),(1045,'Bad',2.33,44,222,62,'2013-06-02'),(1046,'Excellent',5.83,44,36,40,'2021-04-28'),(1047,'Excellent',5.99,32,189,170,'2013-06-22'),(1048,'Avarage',4.35,35,236,180,'2019-06-19'),(1049,'Fair',3.37,43,53,239,'2010-11-06'),(1050,'Good',4.95,7,27,219,'2010-11-04'),(1051,'Avarage',4.27,22,225,263,'2010-03-15'),(1052,'Fair',3.36,35,304,276,'2022-05-25'),(1053,'Bad',2.78,26,90,325,'2013-01-11'),(1054,'Good',5.10,29,230,275,'2015-12-29'),(1055,'Avarage',3.95,7,159,204,'2011-04-03'),(1056,'Fair',3.32,45,257,15,'2020-10-19'),(1057,'Excellent',5.76,32,194,232,'2015-09-21'),(1058,'Excellent',5.61,35,315,100,'2018-12-21'),(1059,'Avarage',4.14,32,139,61,'2012-06-03'),(1060,'Avarage',3.77,38,257,10,'2014-06-20'),(1061,'Bad',2.91,23,43,318,'2018-05-25'),(1062,'Fair',3.33,33,303,146,'2010-10-27'),(1063,'Good',5.04,44,64,178,'2013-02-28'),(1064,'Bad',2.28,43,326,94,'2016-09-09'),(1065,'Fair',3.20,35,126,218,'2014-05-26'),(1066,'Avarage',3.60,29,124,249,'2017-06-18'),(1067,'Bad',2.25,34,225,331,'2010-06-23'),(1068,'Bad',2.39,14,195,111,'2016-01-28'),(1069,'Bad',2.00,11,217,42,'2015-05-05'),(1070,'Bad',2.24,8,28,202,'2015-07-27'),(1071,'Avarage',4.36,19,330,205,'2018-05-24'),(1072,'Excellent',5.59,14,263,206,'2011-06-25'),(1073,'Bad',2.58,17,194,158,'2013-04-09'),(1074,'Good',4.75,33,52,239,'2021-09-14'),(1075,'Good',5.23,20,6,327,'2012-11-03'),(1076,'Excellent',5.93,44,221,301,'2012-10-22'),(1077,'Bad',2.40,10,184,34,'2021-11-02'),(1078,'Excellent',6.00,30,300,66,'2018-11-16'),(1079,'Excellent',5.79,44,59,144,'2022-10-23'),(1080,'Avarage',4.20,33,38,233,'2015-02-01'),(1081,'Good',4.67,38,144,300,'2012-06-07'),(1082,'Good',5.15,30,76,156,'2017-08-29'),(1083,'Good',4.96,16,309,274,'2014-01-20'),(1084,'Avarage',3.77,12,64,259,'2013-07-28'),(1085,'Good',4.64,11,89,101,'2019-01-24'),(1086,'Excellent',5.87,17,288,310,'2016-10-05'),(1087,'Bad',2.77,27,194,139,'2014-02-06'),(1088,'Fair',3.05,14,71,39,'2020-11-16'),(1089,'Excellent',5.59,14,48,148,'2015-12-29'),(1090,'Bad',2.73,17,110,332,'2020-09-02'),(1091,'Avarage',4.47,7,26,188,'2012-07-13'),(1092,'Avarage',3.56,33,111,240,'2014-10-30'),(1093,'Bad',2.55,39,324,59,'2016-05-05'),(1094,'Fair',3.36,45,48,286,'2012-09-19'),(1095,'Good',5.33,21,270,295,'2011-06-25'),(1096,'Good',5.47,25,181,147,'2015-12-16'),(1097,'Excellent',5.81,18,323,36,'2014-11-13'),(1098,'Bad',2.39,31,56,210,'2013-10-27'),(1099,'Bad',2.96,42,294,102,'2014-01-14'),(1100,'Good',4.73,45,51,183,'2018-12-15'),(1101,'Excellent',5.58,18,146,227,'2020-11-05'),(1102,'Excellent',5.60,19,26,296,'2020-05-26'),(1103,'Avarage',4.34,45,115,26,'2014-02-15'),(1104,'Fair',3.13,42,94,85,'2018-04-13'),(1105,'Bad',2.58,35,40,197,'2015-06-14'),(1106,'Good',4.68,40,212,288,'2021-09-20'),(1107,'Bad',2.77,16,114,325,'2019-02-15'),(1108,'Avarage',4.04,25,234,195,'2014-04-29'),(1109,'Excellent',5.87,15,274,186,'2013-02-25'),(1110,'Avarage',4.02,25,261,253,'2021-06-11'),(1111,'Bad',2.92,7,140,80,'2021-12-18'),(1112,'Excellent',5.77,33,106,133,'2019-11-05'),(1113,'Excellent',5.83,37,210,215,'2019-02-28'),(1114,'Excellent',5.95,30,112,152,'2020-05-02'),(1115,'Good',5.10,24,74,88,'2012-01-13'),(1116,'Avarage',3.76,31,239,49,'2010-09-26'),(1117,'Avarage',4.37,23,213,286,'2019-10-07'),(1118,'Fair',3.26,37,38,272,'2022-08-04'),(1119,'Avarage',3.64,15,154,269,'2020-08-17'),(1120,'Fair',3.33,16,246,30,'2020-08-21'),(1121,'Bad',2.82,36,329,322,'2013-05-13'),(1122,'Good',5.21,10,172,43,'2012-08-07'),(1123,'Bad',2.80,13,87,161,'2010-01-30'),(1124,'Good',5.27,47,158,98,'2017-09-01'),(1125,'Avarage',3.78,19,242,41,'2013-01-13'),(1126,'Bad',2.80,11,317,88,'2013-07-25'),(1127,'Good',5.04,29,33,298,'2018-02-19'),(1128,'Good',5.22,23,231,2,'2010-07-21'),(1129,'Good',5.42,15,130,239,'2020-03-22'),(1130,'Excellent',5.76,29,186,226,'2019-11-19'),(1131,'Bad',2.11,40,29,102,'2020-12-09'),(1132,'Bad',2.00,45,19,306,'2018-01-06'),(1133,'Good',5.03,27,97,231,'2014-11-02'),(1134,'Fair',3.05,38,97,220,'2013-11-09'),(1135,'Good',4.63,15,89,124,'2017-03-29'),(1136,'Good',5.08,20,269,122,'2015-01-12'),(1137,'Bad',2.81,20,1,66,'2013-07-15'),(1138,'Avarage',3.83,30,303,167,'2018-10-10'),(1139,'Fair',3.19,15,146,184,'2021-02-13'),(1140,'Excellent',5.97,23,326,23,'2020-05-05'),(1141,'Good',5.09,11,46,53,'2020-08-20'),(1142,'Good',4.74,9,299,57,'2022-10-11'),(1143,'Fair',3.19,17,264,72,'2017-09-21'),(1144,'Avarage',3.56,38,171,261,'2017-07-20'),(1145,'Excellent',5.82,36,294,70,'2021-09-16'),(1146,'Good',4.70,20,47,162,'2015-09-08'),(1147,'Avarage',3.73,32,8,211,'2018-09-01'),(1148,'Bad',2.61,34,24,320,'2019-01-03'),(1149,'Avarage',4.27,27,257,23,'2010-09-07'),(1150,'Avarage',3.57,20,49,56,'2010-09-29'),(1151,'Fair',3.10,30,189,173,'2019-03-12'),(1152,'Good',4.55,10,323,24,'2015-04-11'),(1153,'Good',4.76,40,266,80,'2016-03-12'),(1154,'Excellent',5.64,37,174,279,'2016-05-26'),(1155,'Avarage',3.91,12,274,328,'2015-08-05'),(1156,'Bad',2.37,35,36,90,'2018-04-01'),(1157,'Good',4.80,15,160,77,'2020-04-26'),(1158,'Good',5.08,15,95,118,'2019-06-16'),(1159,'Good',5.36,11,75,16,'2015-03-31'),(1160,'Excellent',5.79,27,302,177,'2011-11-20'),(1161,'Excellent',5.64,19,158,295,'2013-08-01'),(1162,'Avarage',3.55,34,140,164,'2018-07-29'),(1163,'Good',4.62,43,181,30,'2017-02-06'),(1164,'Bad',2.10,14,251,11,'2016-04-09'),(1165,'Avarage',3.91,22,46,304,'2010-07-03'),(1166,'Bad',2.92,20,1,73,'2013-12-12'),(1167,'Bad',2.74,8,111,104,'2015-01-03'),(1168,'Good',4.77,10,166,151,'2015-04-22'),(1169,'Fair',3.31,43,277,229,'2013-02-04'),(1170,'Bad',2.02,14,68,8,'2020-01-01'),(1171,'Bad',2.94,47,203,319,'2020-03-14'),(1172,'Bad',2.54,31,25,20,'2010-12-28'),(1173,'Bad',2.07,34,46,60,'2011-06-21'),(1174,'Avarage',3.68,17,97,268,'2010-04-14'),(1175,'Avarage',4.24,24,219,178,'2010-01-01'),(1176,'Avarage',4.08,34,117,188,'2013-08-03'),(1177,'Avarage',4.01,35,63,180,'2017-11-16'),(1178,'Good',5.24,17,259,268,'2015-07-14'),(1179,'Good',5.46,35,247,95,'2018-12-17'),(1180,'Good',5.08,26,249,171,'2020-05-07'),(1181,'Good',5.07,35,134,125,'2017-11-24'),(1182,'Avarage',4.42,39,48,179,'2022-02-17'),(1183,'Bad',2.95,26,246,132,'2022-11-13'),(1184,'Avarage',3.84,32,34,23,'2019-06-24'),(1185,'Good',4.66,16,86,220,'2010-09-10'),(1186,'Avarage',3.57,10,200,130,'2015-09-01'),(1187,'Fair',3.24,40,206,185,'2011-10-28'),(1188,'Good',5.40,21,83,234,'2021-06-09'),(1189,'Good',5.15,45,73,134,'2021-04-06'),(1190,'Avarage',4.26,8,244,286,'2021-12-28'),(1191,'Bad',2.28,27,31,150,'2017-09-18'),(1192,'Avarage',3.74,45,244,84,'2017-01-29'),(1193,'Avarage',4.48,9,141,325,'2013-07-13'),(1194,'Fair',3.40,40,258,192,'2019-03-28'),(1195,'Bad',2.32,39,134,34,'2016-10-04'),(1196,'Avarage',3.53,34,146,34,'2012-01-24'),(1197,'Bad',2.12,16,294,283,'2015-09-04'),(1198,'Fair',3.08,39,253,202,'2011-06-14'),(1199,'Excellent',5.66,45,66,22,'2017-01-17'),(1200,'Good',4.90,16,104,332,'2017-10-06'),(1201,'Avarage',3.96,9,170,207,'2010-09-06'),(1202,'Good',4.97,28,288,224,'2013-05-12'),(1203,'Good',5.30,30,181,306,'2015-11-30'),(1204,'Avarage',4.25,25,232,152,'2013-09-07'),(1205,'Bad',2.62,36,309,221,'2013-07-18'),(1206,'Bad',2.55,15,197,289,'2018-03-15'),(1207,'Avarage',4.47,20,49,46,'2013-10-22'),(1208,'Fair',3.08,21,48,150,'2015-11-29'),(1209,'Fair',3.39,37,86,200,'2016-05-25'),(1210,'Excellent',5.83,36,238,120,'2012-01-03'),(1211,'Avarage',4.36,24,241,288,'2010-05-16'),(1212,'Excellent',5.56,34,58,89,'2014-10-15'),(1213,'Excellent',5.63,44,153,224,'2010-07-01'),(1214,'Bad',2.27,19,259,160,'2017-11-23'),(1215,'Bad',2.72,18,328,26,'2016-12-27'),(1216,'Fair',3.22,22,45,223,'2014-06-15'),(1217,'Bad',2.60,17,13,28,'2018-09-15'),(1218,'Bad',2.77,22,26,281,'2020-08-16'),(1219,'Fair',3.45,31,205,24,'2015-08-01'),(1220,'Bad',2.33,34,193,199,'2017-11-02'),(1221,'Excellent',5.68,43,185,191,'2012-02-15'),(1222,'Fair',3.34,40,196,21,'2016-07-27'),(1223,'Excellent',5.63,31,129,327,'2017-01-16'),(1224,'Good',5.06,42,129,155,'2014-02-07'),(1225,'Excellent',5.75,19,233,127,'2012-04-15'),(1226,'Good',5.21,39,178,9,'2013-02-14'),(1227,'Avarage',4.07,26,138,306,'2020-06-17'),(1228,'Good',4.68,24,150,14,'2015-03-27'),(1229,'Fair',3.35,14,325,241,'2016-07-11'),(1230,'Bad',2.70,47,246,43,'2020-12-09'),(1231,'Avarage',3.96,8,311,223,'2020-11-29'),(1232,'Bad',2.93,12,4,265,'2016-06-05'),(1233,'Excellent',5.59,23,123,157,'2021-06-27'),(1234,'Bad',2.55,17,320,41,'2011-03-14'),(1235,'Fair',3.11,19,67,332,'2019-09-02'),(1236,'Bad',2.09,34,160,215,'2014-07-15'),(1237,'Good',5.12,34,238,51,'2016-03-20'),(1238,'Good',4.71,11,134,129,'2019-03-09'),(1239,'Fair',3.21,17,163,56,'2015-12-08'),(1240,'Avarage',4.10,32,81,158,'2015-06-28'),(1241,'Good',5.11,40,64,76,'2011-11-10'),(1242,'Bad',2.16,27,65,268,'2018-11-30'),(1243,'Avarage',4.00,14,187,71,'2015-01-15'),(1244,'Good',5.32,12,82,330,'2019-04-04'),(1245,'Excellent',5.91,8,271,308,'2021-08-15'),(1246,'Bad',2.72,11,207,101,'2012-12-04'),(1247,'Avarage',4.11,17,317,124,'2016-07-31'),(1248,'Avarage',4.20,17,175,50,'2018-08-20'),(1249,'Bad',2.67,27,213,277,'2012-03-31'),(1250,'Good',5.11,11,217,236,'2012-04-21'),(1251,'Bad',2.93,26,153,150,'2016-05-10'),(1252,'Good',5.35,9,312,194,'2018-01-19'),(1253,'Excellent',5.63,35,210,288,'2018-11-13'),(1254,'Good',5.33,11,47,181,'2022-03-17'),(1255,'Good',5.22,25,140,146,'2015-08-22'),(1256,'Bad',2.61,42,285,53,'2017-02-09'),(1257,'Good',5.34,18,204,236,'2019-04-27'),(1258,'Bad',2.24,27,121,135,'2011-10-24'),(1259,'Good',4.51,43,303,129,'2011-05-25'),(1260,'Fair',3.42,21,217,116,'2010-06-03'),(1261,'Avarage',4.49,42,125,331,'2020-09-27'),(1262,'Excellent',5.79,20,105,15,'2021-07-28'),(1263,'Excellent',5.73,37,160,86,'2022-05-21'),(1264,'Bad',2.68,46,290,97,'2018-06-17'),(1265,'Avarage',3.87,12,112,106,'2014-02-03'),(1266,'Fair',3.42,37,322,99,'2016-12-10'),(1267,'Excellent',5.98,23,156,307,'2016-04-19'),(1268,'Good',5.07,39,206,263,'2022-04-20'),(1269,'Good',5.16,24,324,259,'2021-03-24'),(1270,'Bad',2.62,32,30,52,'2012-06-15'),(1271,'Avarage',4.10,9,36,323,'2021-03-28'),(1272,'Avarage',3.89,40,193,74,'2022-07-09'),(1273,'Excellent',5.56,37,87,4,'2014-09-09'),(1274,'Good',5.36,36,150,38,'2010-02-03'),(1275,'Fair',3.22,24,243,26,'2015-12-24'),(1276,'Excellent',5.51,45,267,45,'2016-03-18'),(1277,'Good',5.35,36,110,132,'2011-07-14'),(1278,'Bad',2.31,41,12,79,'2020-10-14'),(1279,'Good',5.15,14,243,108,'2015-06-25'),(1280,'Good',5.02,33,78,148,'2022-05-12'),(1281,'Fair',3.09,20,304,298,'2019-07-17'),(1282,'Excellent',5.87,22,204,49,'2011-10-30'),(1283,'Avarage',4.00,38,192,222,'2012-12-26'),(1284,'Avarage',4.25,31,151,135,'2014-03-22'),(1285,'Excellent',5.78,40,14,119,'2014-08-01'),(1286,'Good',4.61,46,295,116,'2012-11-11'),(1287,'Fair',3.31,19,19,106,'2020-07-23'),(1288,'Bad',2.26,18,288,333,'2022-04-12'),(1289,'Fair',3.34,9,326,327,'2018-07-23'),(1290,'Bad',2.50,21,115,59,'2012-07-24'),(1291,'Bad',2.76,33,40,180,'2018-03-20'),(1292,'Good',4.88,26,43,280,'2014-05-28'),(1293,'Bad',2.20,39,224,35,'2017-10-15'),(1294,'Excellent',5.80,31,30,303,'2015-07-08'),(1295,'Excellent',5.61,31,15,124,'2017-10-01'),(1296,'Good',5.32,12,39,320,'2013-04-15'),(1297,'Bad',2.44,26,43,280,'2019-07-12'),(1298,'Fair',3.32,34,139,148,'2019-08-01'),(1299,'Fair',3.44,24,332,87,'2015-03-02'),(1300,'Avarage',4.49,22,212,153,'2014-09-05'),(1301,'Bad',2.75,40,262,271,'2019-08-18'),(1302,'Good',5.05,14,323,51,'2017-04-13'),(1303,'Good',5.04,17,256,282,'2020-05-29'),(1304,'Bad',2.05,31,175,12,'2022-10-17'),(1305,'Fair',3.00,22,318,221,'2014-01-24'),(1306,'Good',5.04,41,82,290,'2016-11-01'),(1307,'Excellent',5.79,33,139,108,'2013-05-13'),(1308,'Bad',2.27,29,78,130,'2018-10-11'),(1309,'Avarage',4.10,33,245,143,'2016-03-24'),(1310,'Excellent',5.71,9,77,326,'2022-06-06'),(1311,'Fair',3.27,21,20,198,'2015-07-31'),(1312,'Good',5.03,11,224,54,'2021-07-14'),(1313,'Fair',3.09,39,178,198,'2019-05-02'),(1314,'Excellent',5.50,17,294,8,'2012-01-14'),(1315,'Bad',2.32,31,16,7,'2013-11-17'),(1316,'Good',4.62,26,248,14,'2018-11-29'),(1317,'Avarage',3.79,30,195,139,'2018-08-02'),(1318,'Fair',3.47,24,296,79,'2018-03-02'),(1319,'Bad',2.91,37,119,173,'2013-11-16'),(1320,'Good',5.26,27,122,218,'2011-03-26'),(1321,'Bad',2.10,34,61,314,'2019-05-21'),(1322,'Excellent',5.71,11,101,31,'2017-01-07'),(1323,'Avarage',3.73,27,180,202,'2013-09-28'),(1324,'Good',4.66,11,270,316,'2018-08-31'),(1325,'Excellent',5.87,7,84,31,'2017-03-28'),(1326,'Good',5.23,25,50,62,'2016-11-01'),(1327,'Avarage',3.69,37,323,74,'2014-09-25'),(1328,'Excellent',5.77,24,106,315,'2022-03-04'),(1329,'Excellent',5.75,45,135,161,'2015-05-06'),(1330,'Avarage',3.90,31,242,11,'2012-09-10'),(1331,'Good',5.07,35,102,205,'2019-09-07'),(1332,'Avarage',4.02,14,132,23,'2014-12-14'),(1333,'Good',4.87,41,43,266,'2015-08-16'),(1334,'Bad',2.66,47,279,249,'2010-10-20'),(1335,'Avarage',4.26,40,81,314,'2012-09-25'),(1336,'Avarage',4.05,44,108,89,'2012-04-05'),(1337,'Bad',2.83,37,280,193,'2014-06-03'),(1338,'Avarage',3.95,46,51,89,'2013-03-12'),(1339,'Fair',3.24,29,43,278,'2010-02-26'),(1340,'Bad',2.73,37,291,319,'2020-09-29'),(1341,'Good',4.83,28,82,174,'2022-07-02'),(1342,'Fair',3.04,10,219,45,'2011-10-14'),(1343,'Avarage',4.16,41,148,115,'2016-01-20'),(1344,'Avarage',3.63,13,190,61,'2019-02-16'),(1345,'Good',5.23,24,304,189,'2019-12-26'),(1346,'Avarage',3.74,13,140,165,'2019-09-07'),(1347,'Avarage',3.78,11,25,124,'2018-01-27'),(1348,'Bad',2.71,14,103,79,'2015-10-02'),(1349,'Good',5.48,13,35,109,'2011-08-22'),(1350,'Bad',2.99,9,79,325,'2021-11-02'),(1351,'Avarage',3.53,8,247,184,'2017-09-13'),(1352,'Good',4.97,26,26,285,'2011-05-13'),(1353,'Bad',2.40,39,314,228,'2015-09-15'),(1354,'Avarage',4.18,38,233,120,'2013-12-08'),(1355,'Avarage',4.38,9,161,184,'2018-04-18'),(1356,'Fair',3.05,44,4,127,'2012-08-10'),(1357,'Fair',3.32,19,196,167,'2013-07-17'),(1358,'Bad',2.38,16,49,85,'2011-09-29'),(1359,'Bad',2.18,39,269,270,'2015-07-23'),(1360,'Avarage',3.78,47,68,292,'2020-03-25'),(1361,'Fair',3.35,31,202,317,'2012-02-08'),(1362,'Bad',2.02,45,12,77,'2014-03-11'),(1363,'Bad',2.53,36,88,316,'2013-06-07'),(1364,'Bad',2.19,29,38,180,'2013-07-15'),(1365,'Bad',2.64,45,301,41,'2012-09-29'),(1366,'Good',5.25,31,211,102,'2010-08-17'),(1367,'Bad',2.15,43,117,36,'2015-11-29'),(1368,'Bad',2.43,38,70,160,'2018-07-13'),(1369,'Fair',3.23,33,60,197,'2022-04-21'),(1370,'Avarage',4.28,43,162,319,'2011-08-14'),(1371,'Avarage',3.79,20,160,9,'2014-06-29'),(1372,'Excellent',5.84,17,313,210,'2015-05-24'),(1373,'Bad',2.23,17,267,73,'2018-01-04'),(1374,'Bad',2.18,24,119,312,'2016-02-17'),(1375,'Bad',2.43,44,295,297,'2011-09-24'),(1376,'Good',5.07,14,147,40,'2017-08-08'),(1377,'Avarage',3.55,31,23,176,'2010-12-20'),(1378,'Bad',2.09,27,272,306,'2017-08-12'),(1379,'Good',5.43,33,213,97,'2021-09-06'),(1380,'Avarage',4.12,12,206,112,'2020-07-21'),(1381,'Fair',3.45,10,189,293,'2021-10-05'),(1382,'Bad',2.97,21,77,298,'2021-12-24'),(1383,'Bad',2.28,24,31,65,'2020-07-14'),(1384,'Good',4.75,30,112,152,'2016-07-03'),(1385,'Bad',2.37,46,304,165,'2017-12-28'),(1386,'Bad',2.09,14,245,122,'2018-04-28'),(1387,'Avarage',3.62,38,144,106,'2022-03-31'),(1388,'Bad',2.68,44,136,71,'2011-09-09'),(1389,'Avarage',4.29,31,328,258,'2015-07-05'),(1390,'Fair',3.21,11,255,7,'2010-02-16'),(1391,'Bad',2.72,30,160,238,'2021-09-20'),(1392,'Bad',2.45,28,300,258,'2012-09-04'),(1393,'Avarage',3.76,25,23,17,'2020-08-20'),(1394,'Good',5.47,26,316,259,'2012-12-04'),(1395,'Good',5.38,24,94,180,'2018-08-23'),(1396,'Good',4.80,34,182,332,'2018-04-24'),(1397,'Bad',2.50,44,31,30,'2021-05-08'),(1398,'Avarage',3.97,44,118,108,'2012-07-08'),(1399,'Bad',2.99,32,314,329,'2016-05-19'),(1400,'Excellent',5.99,12,140,197,'2019-05-11'),(1401,'Avarage',3.59,12,44,284,'2013-10-09'),(1402,'Fair',3.34,35,27,240,'2022-07-18'),(1403,'Good',5.48,35,176,61,'2016-06-13'),(1404,'Fair',3.20,22,244,71,'2010-01-08'),(1405,'Good',5.20,23,109,161,'2017-05-06'),(1406,'Avarage',3.70,39,43,328,'2012-04-23'),(1407,'Good',4.74,12,232,255,'2016-05-09'),(1408,'Bad',2.22,41,92,277,'2022-07-30'),(1409,'Avarage',3.75,32,253,190,'2012-03-16'),(1410,'Good',5.31,23,296,279,'2010-09-11'),(1411,'Excellent',5.50,36,279,190,'2011-08-22'),(1412,'Fair',3.23,16,307,122,'2018-12-05'),(1413,'Bad',2.95,8,304,31,'2013-01-22'),(1414,'Avarage',4.07,16,213,101,'2018-01-01'),(1415,'Bad',2.33,37,46,296,'2021-06-21'),(1416,'Bad',2.37,14,33,201,'2013-02-14'),(1417,'Excellent',5.74,27,288,80,'2016-08-28'),(1418,'Avarage',3.78,47,301,217,'2019-12-05'),(1419,'Excellent',5.83,37,180,54,'2018-07-18'),(1420,'Bad',2.54,25,145,151,'2017-06-04'),(1421,'Avarage',3.63,22,311,15,'2011-05-20'),(1422,'Good',5.47,46,195,61,'2014-03-23'),(1423,'Avarage',4.15,43,273,282,'2013-01-08'),(1424,'Bad',2.02,23,162,185,'2022-03-05'),(1425,'Avarage',3.55,41,9,103,'2012-11-24'),(1426,'Fair',3.34,17,332,143,'2011-10-25'),(1427,'Avarage',4.07,10,114,208,'2017-10-03'),(1428,'Bad',2.77,31,188,315,'2015-02-01'),(1429,'Bad',2.80,13,40,258,'2020-06-26'),(1430,'Avarage',3.64,18,106,9,'2016-06-02'),(1431,'Good',4.56,9,186,133,'2019-04-02'),(1432,'Excellent',5.58,46,98,194,'2021-06-14'),(1433,'Good',5.11,31,2,311,'2011-03-26'),(1434,'Good',5.45,10,249,178,'2012-04-29'),(1435,'Bad',2.53,24,41,190,'2016-10-12'),(1436,'Bad',2.10,27,138,222,'2022-03-20'),(1437,'Avarage',3.50,10,246,152,'2015-07-13'),(1438,'Good',5.09,31,152,274,'2020-07-07'),(1439,'Excellent',5.55,12,325,38,'2022-02-27'),(1440,'Good',4.67,39,139,322,'2015-09-07'),(1441,'Fair',3.36,21,148,213,'2011-12-21'),(1442,'Fair',3.39,23,325,110,'2022-09-01'),(1443,'Good',4.94,33,229,43,'2022-06-25'),(1444,'Good',4.98,37,295,69,'2014-10-25'),(1445,'Avarage',3.71,36,157,39,'2021-06-27'),(1446,'Excellent',5.50,10,83,302,'2012-10-17'),(1447,'Excellent',5.50,19,119,14,'2022-08-13'),(1448,'Excellent',5.70,22,90,11,'2012-08-20'),(1449,'Good',5.13,20,265,296,'2014-06-15'),(1450,'Good',5.01,20,178,108,'2015-07-09'),(1451,'Good',5.06,21,287,70,'2011-08-27'),(1452,'Good',4.73,34,305,213,'2011-06-05'),(1453,'Avarage',4.15,12,40,275,'2016-12-21'),(1454,'Bad',2.44,11,215,285,'2021-12-16'),(1455,'Avarage',4.35,23,32,326,'2017-12-22'),(1456,'Avarage',4.12,27,33,193,'2022-07-19'),(1457,'Good',5.20,47,227,261,'2019-07-11'),(1458,'Good',5.45,19,129,103,'2017-04-11'),(1459,'Excellent',5.65,21,99,105,'2020-02-14'),(1460,'Avarage',3.86,32,149,39,'2015-07-14'),(1461,'Excellent',5.63,45,30,166,'2017-07-21'),(1462,'Avarage',3.96,28,30,104,'2011-04-08'),(1463,'Good',5.43,41,225,179,'2012-02-04'),(1464,'Bad',2.10,8,188,225,'2018-10-15'),(1465,'Bad',2.74,14,92,201,'2014-06-11'),(1466,'Excellent',5.93,11,98,154,'2013-03-10'),(1467,'Avarage',4.12,39,19,282,'2017-09-11'),(1468,'Avarage',3.51,43,34,96,'2010-09-26'),(1469,'Avarage',3.53,16,66,214,'2011-03-22'),(1470,'Bad',2.22,33,225,3,'2022-04-03'),(1471,'Good',4.87,44,179,73,'2020-08-04'),(1472,'Bad',2.65,32,42,321,'2019-02-22'),(1473,'Avarage',4.23,19,274,198,'2020-10-07'),(1474,'Fair',3.15,7,198,19,'2012-11-10'),(1475,'Good',5.18,32,203,316,'2015-06-16'),(1476,'Bad',2.23,10,127,233,'2011-09-19'),(1477,'Bad',2.52,15,82,180,'2014-09-29'),(1478,'Good',5.17,34,138,4,'2021-03-16'),(1479,'Avarage',4.32,42,174,277,'2010-09-09'),(1480,'Avarage',4.06,45,118,161,'2010-02-08'),(1481,'Avarage',3.84,47,127,296,'2012-03-13'),(1482,'Avarage',4.38,8,235,77,'2015-02-14'),(1483,'Avarage',3.64,18,192,298,'2010-08-19'),(1484,'Avarage',3.79,9,205,80,'2014-12-19'),(1485,'Good',4.58,23,61,179,'2014-10-07'),(1486,'Excellent',5.84,20,53,39,'2017-10-29'),(1487,'Fair',3.43,32,60,177,'2014-06-24'),(1488,'Good',4.66,28,272,22,'2012-04-10'),(1489,'Fair',3.09,9,279,145,'2017-05-08'),(1490,'Avarage',4.42,38,214,318,'2017-03-26'),(1491,'Bad',2.91,15,159,252,'2012-09-10'),(1492,'Avarage',4.05,17,198,151,'2021-04-03'),(1493,'Good',5.45,9,309,206,'2010-05-24'),(1494,'Avarage',3.69,38,6,30,'2016-08-17'),(1495,'Good',5.05,9,7,232,'2021-02-17'),(1496,'Good',5.40,12,69,215,'2010-09-14'),(1497,'Avarage',3.97,19,7,214,'2020-07-29'),(1498,'Good',4.83,27,60,22,'2013-09-11'),(1499,'Avarage',4.23,21,140,29,'2010-05-16'),(1500,'Avarage',3.79,46,127,231,'2018-04-20'),(1501,'Fair',3.37,32,269,242,'2018-02-05'),(1502,'Avarage',3.99,47,216,79,'2021-11-18'),(1503,'Avarage',4.17,14,179,213,'2011-06-01'),(1504,'Good',4.91,35,38,145,'2015-03-15'),(1505,'Bad',2.13,9,210,56,'2017-12-05'),(1506,'Avarage',4.41,23,3,150,'2015-07-06'),(1507,'Bad',2.49,29,54,20,'2013-08-28'),(1508,'Bad',2.99,44,308,144,'2014-02-11'),(1509,'Fair',3.26,19,305,59,'2016-07-02'),(1510,'Avarage',4.11,20,241,149,'2016-04-05'),(1511,'Avarage',3.60,8,270,27,'2017-10-21'),(1512,'Bad',2.02,21,214,209,'2021-04-26'),(1513,'Fair',3.13,26,15,150,'2016-08-02'),(1514,'Avarage',3.59,25,180,82,'2020-01-07'),(1515,'Bad',2.02,47,178,268,'2013-05-02'),(1516,'Fair',3.25,17,315,272,'2012-06-07'),(1517,'Bad',2.32,37,102,230,'2010-08-21'),(1518,'Avarage',3.63,27,198,294,'2020-02-16'),(1519,'Avarage',3.53,18,97,271,'2014-01-08'),(1520,'Bad',2.91,13,192,158,'2019-08-14'),(1521,'Avarage',4.49,35,40,269,'2021-09-16'),(1522,'Good',5.46,20,332,318,'2015-06-03'),(1523,'Bad',2.41,18,166,163,'2016-05-20'),(1524,'Good',5.11,35,153,247,'2016-12-26'),(1525,'Good',5.32,21,204,199,'2019-07-24'),(1526,'Bad',2.82,39,76,36,'2022-05-04'),(1527,'Fair',3.21,19,325,25,'2018-10-01'),(1528,'Bad',2.54,14,148,287,'2014-02-21'),(1529,'Avarage',4.11,16,162,311,'2014-09-24'),(1530,'Excellent',5.78,27,45,114,'2014-10-02'),(1531,'Avarage',4.27,17,218,303,'2014-02-20'),(1532,'Avarage',3.69,34,263,234,'2011-01-19'),(1533,'Bad',2.94,45,19,185,'2020-11-01'),(1534,'Bad',2.53,23,102,272,'2015-05-23'),(1535,'Bad',2.68,37,228,153,'2015-01-03'),(1536,'Excellent',5.85,24,311,299,'2013-04-26'),(1537,'Bad',2.20,42,167,152,'2013-09-15'),(1538,'Good',4.73,36,156,70,'2018-06-07'),(1539,'Avarage',3.66,13,330,165,'2020-01-15'),(1540,'Bad',2.17,24,195,193,'2022-04-03'),(1541,'Good',5.35,39,202,153,'2014-03-04'),(1542,'Bad',2.43,26,289,89,'2010-05-14'),(1543,'Fair',3.39,8,224,275,'2018-10-09'),(1544,'Good',4.98,23,41,115,'2011-02-03'),(1545,'Bad',2.82,26,16,136,'2022-06-06'),(1546,'Bad',2.88,46,192,269,'2014-05-18'),(1547,'Bad',2.92,31,234,128,'2014-09-01'),(1548,'Avarage',3.86,26,80,176,'2013-05-18'),(1549,'Avarage',3.66,18,235,283,'2013-04-18'),(1550,'Avarage',3.80,19,234,281,'2018-09-12'),(1551,'Good',5.08,15,86,180,'2010-01-25'),(1552,'Bad',2.34,40,265,133,'2010-06-13'),(1553,'Fair',3.30,19,251,299,'2022-09-03'),(1554,'Fair',3.32,26,94,199,'2013-10-03'),(1555,'Good',5.30,40,129,70,'2019-08-04'),(1556,'Avarage',3.92,37,23,115,'2012-09-05'),(1557,'Avarage',3.58,23,314,106,'2015-07-02'),(1558,'Good',5.06,33,27,152,'2017-06-05'),(1559,'Excellent',5.59,42,275,229,'2018-08-22'),(1560,'Good',5.32,38,45,288,'2018-08-03'),(1561,'Fair',3.20,41,221,273,'2019-10-06'),(1562,'Excellent',5.95,15,95,318,'2022-07-07'),(1563,'Good',4.89,26,15,153,'2022-05-20'),(1564,'Fair',3.49,40,110,273,'2011-10-01'),(1565,'Excellent',5.85,17,321,20,'2012-02-14'),(1566,'Excellent',5.91,18,232,280,'2016-10-02'),(1567,'Good',5.09,30,304,207,'2010-06-26'),(1568,'Bad',2.59,32,103,216,'2011-03-14'),(1569,'Bad',2.90,35,240,40,'2015-01-04'),(1570,'Bad',2.17,47,3,59,'2010-01-06'),(1571,'Fair',3.04,38,232,248,'2021-09-22'),(1572,'Avarage',3.59,38,267,257,'2015-03-16'),(1573,'Excellent',5.97,27,275,187,'2010-02-01'),(1574,'Fair',3.35,47,124,200,'2014-10-08'),(1575,'Avarage',3.56,19,140,108,'2015-06-13'),(1576,'Avarage',4.05,20,326,69,'2021-05-06'),(1577,'Avarage',4.06,9,103,13,'2019-08-25'),(1578,'Fair',3.43,26,303,249,'2015-04-17'),(1579,'Avarage',4.29,20,240,126,'2017-07-23'),(1580,'Avarage',4.44,42,84,30,'2015-03-08'),(1581,'Excellent',5.90,35,162,61,'2017-09-02'),(1582,'Good',5.35,42,39,196,'2015-05-16'),(1583,'Good',4.89,22,237,112,'2010-11-05'),(1584,'Bad',2.30,32,63,169,'2019-01-12'),(1585,'Bad',2.70,8,113,256,'2014-09-08'),(1586,'Avarage',3.93,11,107,70,'2013-09-09'),(1587,'Bad',2.38,41,13,84,'2011-05-19'),(1588,'Excellent',5.63,37,218,75,'2017-01-30'),(1589,'Fair',3.23,8,25,94,'2018-10-19'),(1590,'Good',4.77,24,307,96,'2012-04-30'),(1591,'Avarage',4.27,44,133,321,'2020-10-25'),(1592,'Fair',3.15,15,263,35,'2019-04-13'),(1593,'Good',5.15,16,277,178,'2022-10-16'),(1594,'Avarage',4.35,27,99,250,'2011-06-14'),(1595,'Good',4.98,17,154,153,'2012-06-29'),(1596,'Good',5.40,42,155,312,'2014-08-28'),(1597,'Avarage',3.54,13,2,171,'2010-12-25'),(1598,'Excellent',5.91,21,152,279,'2017-01-08'),(1599,'Good',5.14,38,237,140,'2021-12-21'),(1600,'Bad',2.91,44,134,300,'2015-09-04'),(1601,'Avarage',3.80,41,246,57,'2013-11-23'),(1602,'Bad',2.32,36,272,69,'2013-06-21'),(1603,'Bad',2.95,14,243,293,'2021-05-15'),(1604,'Fair',3.49,24,271,186,'2013-04-12'),(1605,'Bad',2.76,14,128,122,'2019-12-22'),(1606,'Fair',3.48,14,55,168,'2017-11-11'),(1607,'Bad',2.37,18,299,30,'2010-05-13'),(1608,'Excellent',5.96,43,59,178,'2017-11-26'),(1609,'Excellent',5.76,9,43,35,'2021-04-22'),(1610,'Fair',3.24,22,247,32,'2021-03-31'),(1611,'Excellent',5.86,32,144,160,'2016-01-12'),(1612,'Bad',2.14,27,220,190,'2010-03-17'),(1613,'Bad',2.76,30,112,163,'2022-11-14'),(1614,'Fair',3.15,13,295,262,'2013-06-17'),(1615,'Good',5.42,42,118,330,'2010-12-02'),(1616,'Avarage',3.85,15,46,155,'2014-05-23'),(1617,'Fair',3.06,30,312,80,'2021-09-02'),(1618,'Good',4.59,13,45,293,'2013-05-09'),(1619,'Bad',2.78,33,235,34,'2020-01-24'),(1620,'Avarage',3.92,40,240,313,'2021-06-06'),(1621,'Excellent',5.52,33,167,40,'2015-05-18'),(1622,'Good',5.46,35,124,276,'2016-05-26'),(1623,'Good',5.37,21,63,103,'2015-05-27'),(1624,'Avarage',4.13,35,182,75,'2012-09-05'),(1625,'Avarage',3.90,44,33,209,'2012-03-13'),(1626,'Excellent',5.89,14,293,248,'2012-06-12'),(1627,'Avarage',4.45,30,254,284,'2015-06-01'),(1628,'Avarage',3.62,13,280,192,'2021-08-21'),(1629,'Avarage',4.37,25,224,25,'2012-04-11'),(1630,'Avarage',4.17,21,41,290,'2010-10-17'),(1631,'Bad',2.50,20,164,64,'2020-05-13'),(1632,'Avarage',4.15,30,5,22,'2012-08-17'),(1633,'Avarage',4.30,23,107,185,'2016-04-27'),(1634,'Fair',3.38,9,194,193,'2011-11-19'),(1635,'Bad',2.64,39,96,121,'2011-04-15'),(1636,'Excellent',5.58,29,143,315,'2014-03-15'),(1637,'Avarage',4.40,44,83,188,'2017-01-01'),(1638,'Fair',3.39,22,15,77,'2020-07-25'),(1639,'Excellent',5.55,35,42,77,'2022-01-22'),(1640,'Good',5.22,42,284,161,'2019-10-29'),(1641,'Avarage',3.55,28,151,116,'2013-04-30'),(1642,'Bad',2.43,37,214,311,'2016-06-22'),(1643,'Excellent',5.87,32,44,75,'2018-10-10'),(1644,'Excellent',5.99,35,178,95,'2020-07-21'),(1645,'Good',4.92,45,46,243,'2019-04-20'),(1646,'Avarage',4.13,29,8,281,'2020-08-11'),(1647,'Bad',2.38,12,47,188,'2019-05-30'),(1648,'Avarage',3.99,16,102,247,'2019-05-02'),(1649,'Good',4.93,41,180,281,'2010-07-14'),(1650,'Fair',3.13,8,173,134,'2021-02-06'),(1651,'Avarage',4.33,29,33,54,'2015-12-26'),(1652,'Good',4.96,24,324,255,'2020-08-18'),(1653,'Good',5.13,25,167,226,'2019-12-17'),(1654,'Fair',3.22,39,64,284,'2010-07-18'),(1655,'Fair',3.39,32,254,38,'2010-04-19'),(1656,'Avarage',4.34,46,262,259,'2020-06-29'),(1657,'Bad',2.96,25,102,87,'2021-01-26'),(1658,'Good',4.82,33,151,61,'2018-09-09'),(1659,'Excellent',5.59,23,130,94,'2011-01-30'),(1660,'Bad',2.87,13,126,226,'2017-07-12'),(1661,'Good',5.04,32,47,238,'2012-06-12'),(1662,'Good',4.75,21,144,3,'2011-09-23'),(1663,'Avarage',3.58,25,250,187,'2015-08-18'),(1664,'Avarage',3.58,30,128,8,'2020-07-07'),(1665,'Bad',2.74,11,129,330,'2010-11-18'),(1666,'Avarage',3.70,33,295,152,'2013-05-27'),(1667,'Avarage',3.85,33,287,277,'2016-11-20'),(1668,'Good',5.39,11,49,53,'2020-12-26'),(1669,'Bad',2.51,19,216,220,'2012-03-04'),(1670,'Excellent',5.85,25,139,287,'2019-09-20'),(1671,'Good',5.46,35,166,209,'2020-05-21'),(1672,'Excellent',5.67,34,301,101,'2011-02-08'),(1673,'Good',5.04,25,166,7,'2014-04-18'),(1674,'Avarage',3.56,39,5,157,'2010-03-28'),(1675,'Bad',2.36,32,52,6,'2018-02-06'),(1676,'Good',5.09,38,107,253,'2021-11-26'),(1677,'Excellent',5.60,14,219,210,'2020-08-17'),(1678,'Good',5.38,9,121,151,'2017-11-05'),(1679,'Good',5.22,33,285,212,'2016-05-19'),(1680,'Excellent',5.78,45,37,228,'2014-08-03'),(1681,'Excellent',5.50,18,139,165,'2016-01-14'),(1682,'Bad',2.45,36,134,86,'2019-01-30'),(1683,'Good',4.69,28,321,30,'2021-02-07'),(1684,'Fair',3.24,41,272,265,'2014-03-05'),(1685,'Excellent',5.85,40,214,40,'2017-10-22'),(1686,'Avarage',3.54,14,128,313,'2022-09-25'),(1687,'Good',5.03,44,96,63,'2015-09-01'),(1688,'Fair',3.07,35,12,141,'2015-10-12'),(1689,'Excellent',5.99,39,327,307,'2011-08-02'),(1690,'Avarage',4.30,19,22,240,'2013-10-17'),(1691,'Good',4.61,34,90,250,'2016-02-18'),(1692,'Excellent',5.58,38,319,167,'2021-04-25'),(1693,'Avarage',3.81,36,30,115,'2019-06-26'),(1694,'Good',4.67,19,171,129,'2014-07-13'),(1695,'Bad',2.18,7,247,294,'2017-05-18'),(1696,'Good',4.80,43,279,83,'2011-08-09'),(1697,'Good',4.86,7,218,283,'2010-11-05'),(1698,'Avarage',4.29,11,321,39,'2021-04-05'),(1699,'Good',5.25,27,116,121,'2019-09-03'),(1700,'Fair',3.21,23,320,248,'2015-11-24'),(1701,'Bad',2.27,22,57,54,'2013-09-21'),(1702,'Fair',3.00,20,189,216,'2021-06-04'),(1703,'Fair',3.47,38,20,261,'2017-02-28'),(1704,'Good',5.09,34,193,108,'2013-10-25'),(1705,'Avarage',3.68,22,95,188,'2010-09-18'),(1706,'Good',4.66,25,119,26,'2014-11-18'),(1707,'Excellent',5.93,15,85,5,'2016-05-03'),(1708,'Avarage',3.56,24,70,57,'2019-09-21'),(1709,'Bad',2.85,18,128,7,'2015-06-11'),(1710,'Avarage',4.31,13,192,118,'2011-05-25'),(1711,'Good',4.75,47,93,130,'2022-11-13'),(1712,'Avarage',3.58,45,308,168,'2013-03-23'),(1713,'Excellent',5.61,13,311,129,'2012-04-22'),(1714,'Excellent',5.81,26,329,10,'2019-06-30'),(1715,'Fair',3.38,11,6,66,'2011-06-30'),(1716,'Good',4.58,17,18,182,'2016-05-14'),(1717,'Bad',2.06,12,195,95,'2013-08-15'),(1718,'Bad',2.33,8,106,210,'2011-06-15'),(1719,'Avarage',3.74,36,300,214,'2012-09-16'),(1720,'Good',5.20,12,290,154,'2011-02-24'),(1721,'Good',4.67,45,216,135,'2020-09-26'),(1722,'Bad',2.77,26,99,307,'2011-02-10'),(1723,'Good',5.41,46,190,227,'2019-05-27'),(1724,'Avarage',4.21,24,147,120,'2021-05-18'),(1725,'Fair',3.23,12,37,278,'2013-08-02'),(1726,'Excellent',5.88,10,12,224,'2022-01-26'),(1727,'Avarage',3.86,14,132,246,'2014-08-15'),(1728,'Bad',2.37,43,256,236,'2022-10-06'),(1729,'Fair',3.38,34,283,94,'2015-11-11'),(1730,'Avarage',3.56,46,58,185,'2016-06-30'),(1731,'Bad',2.23,33,162,26,'2021-01-21'),(1732,'Fair',3.30,37,295,75,'2022-05-15'),(1733,'Bad',2.13,19,49,237,'2021-03-05'),(1734,'Avarage',4.00,11,135,261,'2010-06-27'),(1735,'Excellent',5.50,22,197,190,'2010-11-12'),(1736,'Good',4.50,46,41,294,'2017-08-11'),(1737,'Good',4.98,29,283,315,'2011-12-03'),(1738,'Excellent',5.61,27,227,259,'2017-04-15'),(1739,'Excellent',5.57,11,264,42,'2013-06-17'),(1740,'Fair',3.18,31,144,110,'2012-12-04'),(1741,'Avarage',3.62,27,121,131,'2016-05-25'),(1742,'Fair',3.46,24,323,129,'2018-12-11'),(1743,'Bad',2.21,42,119,193,'2010-05-03'),(1744,'Avarage',3.67,39,28,123,'2010-03-11'),(1745,'Excellent',5.56,31,60,292,'2013-12-04'),(1746,'Fair',3.03,18,327,249,'2012-11-27'),(1747,'Excellent',5.98,38,254,202,'2019-01-04'),(1748,'Avarage',4.00,39,287,306,'2022-12-28'),(1749,'Fair',3.29,45,189,316,'2013-01-14'),(1750,'Avarage',3.61,43,128,131,'2011-01-05'),(1751,'Good',4.74,29,215,291,'2020-12-25'),(1752,'Good',4.52,25,123,218,'2022-05-24'),(1753,'Bad',2.54,36,153,1,'2018-07-21'),(1754,'Bad',2.05,22,287,308,'2018-07-11'),(1755,'Good',4.55,21,30,291,'2018-02-27'),(1756,'Excellent',5.51,29,153,188,'2012-08-12'),(1757,'Avarage',3.60,23,94,161,'2012-01-09'),(1758,'Good',5.27,38,318,176,'2018-10-13'),(1759,'Avarage',3.85,46,142,323,'2010-03-25'),(1760,'Avarage',3.80,34,13,324,'2011-08-24'),(1761,'Bad',2.80,27,332,290,'2010-04-05'),(1762,'Excellent',5.56,18,234,54,'2016-07-28'),(1763,'Bad',2.18,47,134,27,'2013-11-11'),(1764,'Good',5.30,42,233,185,'2021-12-12'),(1765,'Avarage',4.08,26,188,288,'2013-05-04'),(1766,'Fair',3.44,10,328,228,'2010-07-01'),(1767,'Fair',3.45,21,303,253,'2015-01-19'),(1768,'Avarage',3.60,18,7,239,'2011-10-28'),(1769,'Bad',2.31,28,259,104,'2018-08-18'),(1770,'Good',4.89,25,234,266,'2016-11-18'),(1771,'Excellent',5.60,42,6,243,'2014-06-12'),(1772,'Bad',2.45,46,137,136,'2019-05-02'),(1773,'Bad',2.76,32,236,117,'2020-12-28'),(1774,'Bad',2.55,45,332,223,'2022-10-13'),(1775,'Avarage',3.57,46,45,255,'2017-10-01'),(1776,'Fair',3.20,45,157,90,'2011-10-17'),(1777,'Bad',2.55,43,102,291,'2010-10-10'),(1778,'Avarage',3.73,25,142,33,'2019-03-19'),(1779,'Good',4.65,12,156,201,'2017-06-14'),(1780,'Bad',2.20,41,101,135,'2010-09-06'),(1781,'Excellent',5.91,29,123,179,'2013-01-23'),(1782,'Excellent',5.86,29,178,149,'2014-08-18'),(1783,'Good',5.08,27,51,277,'2019-09-23'),(1784,'Excellent',5.77,30,189,174,'2014-11-07'),(1785,'Good',4.82,30,114,279,'2018-07-07'),(1786,'Avarage',3.71,20,304,247,'2021-08-31'),(1787,'Bad',2.76,38,6,78,'2013-10-26'),(1788,'Bad',2.07,39,278,293,'2012-08-25'),(1789,'Good',5.46,28,169,326,'2015-04-30'),(1790,'Excellent',6.00,32,2,76,'2021-04-02'),(1791,'Bad',2.89,31,188,197,'2015-08-04'),(1792,'Excellent',5.72,44,234,84,'2016-02-20'),(1793,'Avarage',3.75,29,195,203,'2017-01-22'),(1794,'Avarage',3.77,40,149,161,'2011-10-26'),(1795,'Bad',2.38,45,121,176,'2012-09-01'),(1796,'Avarage',4.07,19,149,27,'2022-10-28'),(1797,'Fair',3.28,34,49,248,'2015-01-31'),(1798,'Bad',2.92,24,90,200,'2011-05-23'),(1799,'Excellent',5.60,21,235,89,'2019-11-08'),(1800,'Avarage',4.12,32,17,226,'2013-06-06'),(1801,'Excellent',5.58,13,172,80,'2020-11-09'),(1802,'Avarage',4.37,18,65,173,'2017-03-10'),(1803,'Avarage',3.69,20,187,200,'2014-05-13'),(1804,'Avarage',4.41,20,188,255,'2019-02-26'),(1805,'Avarage',4.01,44,79,163,'2019-07-26'),(1806,'Avarage',4.29,37,286,276,'2011-08-26'),(1807,'Avarage',3.75,18,253,107,'2011-05-27'),(1808,'Excellent',5.99,31,179,100,'2018-10-08'),(1809,'Avarage',4.48,33,37,32,'2010-10-10'),(1810,'Fair',3.34,30,97,225,'2016-05-14'),(1811,'Good',4.95,31,67,156,'2011-11-03'),(1812,'Excellent',5.88,35,57,232,'2015-10-23'),(1813,'Bad',2.61,45,222,120,'2011-05-01'),(1814,'Avarage',3.65,30,287,99,'2022-07-20'),(1815,'Avarage',3.89,19,99,191,'2021-07-31'),(1816,'Bad',2.94,42,195,138,'2018-08-19'),(1817,'Bad',2.47,25,194,159,'2019-11-06'),(1818,'Bad',2.41,28,15,2,'2022-01-05'),(1819,'Bad',2.47,29,115,218,'2013-06-08'),(1820,'Bad',2.36,31,185,35,'2014-09-03'),(1821,'Bad',2.67,29,62,184,'2019-09-06'),(1822,'Fair',3.37,11,104,331,'2012-05-26'),(1823,'Avarage',4.14,12,299,136,'2019-06-30'),(1824,'Bad',2.32,46,49,216,'2020-05-17'),(1825,'Avarage',3.99,35,215,169,'2011-04-17'),(1826,'Excellent',5.88,20,41,186,'2021-04-22'),(1827,'Good',4.70,7,49,261,'2012-04-10'),(1828,'Good',5.00,39,257,288,'2019-03-05'),(1829,'Bad',2.17,13,297,173,'2020-02-12'),(1830,'Excellent',5.51,16,65,102,'2017-12-04'),(1831,'Excellent',5.93,16,195,262,'2019-09-17'),(1832,'Excellent',5.64,43,321,16,'2022-05-21'),(1833,'Avarage',4.14,32,95,326,'2022-05-12'),(1834,'Bad',2.53,38,91,234,'2014-01-09'),(1835,'Bad',2.62,39,19,76,'2012-10-28'),(1836,'Avarage',3.53,21,134,87,'2018-11-16'),(1837,'Avarage',4.17,15,272,231,'2010-04-08'),(1838,'Bad',2.67,39,226,69,'2010-07-28'),(1839,'Avarage',3.76,25,206,219,'2018-04-14'),(1840,'Bad',2.53,19,21,212,'2016-11-11'),(1841,'Excellent',5.97,22,160,45,'2020-04-06'),(1842,'Bad',2.77,43,255,79,'2018-01-18'),(1843,'Avarage',3.59,36,25,246,'2011-11-16'),(1844,'Avarage',4.12,22,142,257,'2021-12-16'),(1845,'Fair',3.04,42,72,67,'2019-05-31'),(1846,'Fair',3.02,23,272,260,'2022-10-13'),(1847,'Good',5.11,38,41,241,'2014-10-23'),(1848,'Bad',2.10,16,92,86,'2017-07-06'),(1849,'Excellent',5.89,29,8,324,'2013-03-28'),(1850,'Good',5.45,39,119,201,'2017-01-14'),(1851,'Avarage',3.59,12,64,256,'2012-12-23'),(1852,'Bad',2.86,32,18,55,'2016-01-27'),(1853,'Bad',2.45,27,107,241,'2020-12-14'),(1854,'Good',5.23,14,242,46,'2015-03-07'),(1855,'Fair',3.45,34,93,279,'2016-09-30'),(1856,'Avarage',4.20,18,295,200,'2018-06-16'),(1857,'Bad',2.23,15,225,113,'2020-09-10'),(1858,'Fair',3.36,34,282,101,'2016-12-26'),(1859,'Bad',2.42,11,11,261,'2017-11-12'),(1860,'Avarage',4.14,20,169,38,'2021-04-05'),(1861,'Excellent',5.59,39,149,125,'2022-05-18'),(1862,'Good',4.76,33,271,159,'2015-03-24'),(1863,'Excellent',5.82,31,28,20,'2021-08-27'),(1864,'Good',4.98,23,13,59,'2015-11-07'),(1865,'Fair',3.41,36,155,265,'2019-08-29'),(1866,'Good',5.32,44,194,101,'2012-06-14'),(1867,'Avarage',3.73,14,161,91,'2016-06-12'),(1868,'Bad',2.08,43,134,167,'2020-04-21'),(1869,'Fair',3.02,8,292,49,'2019-09-23'),(1870,'Bad',2.35,42,274,22,'2012-09-15'),(1871,'Good',4.77,33,53,316,'2018-05-13'),(1872,'Excellent',5.81,44,55,20,'2019-04-11'),(1873,'Good',4.66,10,46,291,'2013-09-24'),(1874,'Excellent',5.94,20,287,65,'2019-07-28'),(1875,'Bad',2.40,38,282,191,'2017-05-30'),(1876,'Excellent',5.90,37,14,186,'2011-08-19'),(1877,'Excellent',5.79,36,135,278,'2010-07-11'),(1878,'Bad',2.02,23,255,9,'2020-07-14'),(1879,'Good',5.29,44,93,4,'2010-12-19'),(1880,'Bad',2.96,19,220,44,'2011-07-06'),(1881,'Bad',2.77,25,291,229,'2016-07-01'),(1882,'Good',4.59,10,240,137,'2017-10-06'),(1883,'Good',5.11,44,262,46,'2015-12-09'),(1884,'Bad',2.73,15,216,89,'2013-01-28'),(1885,'Avarage',3.91,14,105,170,'2014-12-12'),(1886,'Good',5.07,15,109,104,'2013-08-21'),(1887,'Good',5.18,45,240,74,'2011-06-07'),(1888,'Good',4.91,35,111,172,'2017-03-08'),(1889,'Good',5.09,41,101,84,'2020-04-11'),(1890,'Avarage',4.43,26,117,203,'2017-05-14'),(1891,'Fair',3.30,22,120,291,'2021-03-07'),(1892,'Bad',2.80,17,173,140,'2016-04-12'),(1893,'Bad',2.24,22,251,158,'2015-09-16'),(1894,'Excellent',5.62,17,189,21,'2020-01-09'),(1895,'Bad',2.95,22,115,318,'2017-06-27'),(1896,'Fair',3.21,46,264,197,'2015-01-14'),(1897,'Bad',2.96,23,10,257,'2019-05-24'),(1898,'Good',4.62,9,274,70,'2019-01-10'),(1899,'Bad',2.70,23,308,256,'2012-04-20'),(1900,'Avarage',3.72,14,16,5,'2016-12-16'),(1901,'Good',5.29,9,141,218,'2016-05-02'),(1902,'Good',5.02,43,26,46,'2017-07-03'),(1903,'Good',5.09,33,317,183,'2020-10-13'),(1904,'Excellent',5.53,35,252,274,'2010-07-13'),(1905,'Bad',2.67,36,190,211,'2021-09-03'),(1906,'Avarage',3.78,7,55,327,'2016-09-14'),(1907,'Avarage',4.20,15,223,322,'2012-05-05'),(1908,'Bad',2.51,41,31,172,'2011-05-21'),(1909,'Good',4.83,39,327,309,'2020-10-07'),(1910,'Avarage',3.55,39,263,115,'2015-02-12'),(1911,'Avarage',4.42,19,147,283,'2017-12-06'),(1912,'Bad',2.20,17,221,134,'2010-02-27'),(1913,'Avarage',4.08,40,332,26,'2016-01-09'),(1914,'Good',5.46,26,43,280,'2016-05-09'),(1915,'Fair',3.36,38,279,209,'2014-10-06'),(1916,'Bad',2.99,45,256,134,'2014-08-12'),(1917,'Excellent',5.65,45,275,54,'2022-04-15'),(1918,'Good',5.08,40,142,326,'2018-07-30'),(1919,'Fair',3.06,9,140,198,'2010-11-26'),(1920,'Avarage',4.35,15,116,288,'2016-01-08'),(1921,'Bad',2.13,38,255,63,'2011-01-09'),(1922,'Good',4.83,45,241,56,'2022-04-07'),(1923,'Fair',3.00,30,119,311,'2010-01-11'),(1924,'Good',4.59,40,45,14,'2012-05-11'),(1925,'Good',5.05,21,63,61,'2014-07-11'),(1926,'Avarage',3.96,8,186,139,'2012-02-01'),(1927,'Excellent',5.56,31,238,152,'2013-07-26'),(1928,'Good',5.04,19,15,67,'2016-09-15'),(1929,'Good',4.99,18,277,3,'2012-02-01'),(1930,'Good',5.19,37,214,27,'2012-05-16'),(1931,'Good',4.94,19,106,38,'2015-03-29'),(1932,'Fair',3.16,23,210,156,'2014-07-01'),(1933,'Good',5.32,13,169,308,'2018-03-27'),(1934,'Avarage',3.56,20,7,175,'2017-01-02'),(1935,'Avarage',3.68,29,171,48,'2018-03-05'),(1936,'Avarage',3.75,19,197,27,'2021-12-29'),(1937,'Excellent',5.50,31,256,74,'2019-12-24'),(1938,'Excellent',5.59,7,298,274,'2015-05-30'),(1939,'Bad',2.05,39,39,86,'2014-05-28'),(1940,'Bad',2.12,21,309,154,'2021-03-30'),(1941,'Bad',2.86,13,29,128,'2011-04-19'),(1942,'Good',4.67,46,149,168,'2010-01-18'),(1943,'Bad',2.07,22,190,31,'2019-06-01'),(1944,'Avarage',3.53,23,209,285,'2015-02-28'),(1945,'Bad',2.00,9,305,66,'2022-06-08'),(1946,'Fair',3.09,37,290,117,'2021-01-09'),(1947,'Good',4.73,11,254,220,'2010-04-04'),(1948,'Bad',2.79,41,280,290,'2022-05-09'),(1949,'Avarage',4.26,42,256,249,'2015-04-06'),(1950,'Excellent',5.96,43,33,259,'2012-11-15'),(1951,'Avarage',3.56,17,181,118,'2015-10-02'),(1952,'Avarage',3.88,44,1,131,'2010-10-25'),(1953,'Avarage',3.56,24,287,303,'2018-02-15'),(1954,'Avarage',4.36,41,195,64,'2019-04-14'),(1955,'Avarage',3.58,25,103,237,'2015-12-09'),(1956,'Bad',2.46,35,103,91,'2017-01-26'),(1957,'Avarage',4.02,41,109,118,'2017-06-22'),(1958,'Bad',2.49,34,193,108,'2018-06-05'),(1959,'Bad',2.48,20,209,135,'2019-01-02'),(1960,'Good',4.72,7,2,138,'2019-08-04'),(1961,'Avarage',4.23,15,176,290,'2013-02-19'),(1962,'Good',5.16,44,255,294,'2018-08-20'),(1963,'Avarage',3.52,26,177,221,'2022-04-19'),(1964,'Excellent',5.64,31,53,95,'2018-05-25'),(1965,'Good',4.62,43,214,152,'2022-11-17'),(1966,'Fair',3.26,15,133,135,'2013-06-07'),(1967,'Bad',2.89,17,208,64,'2014-12-04'),(1968,'Bad',2.51,12,98,66,'2022-01-07'),(1969,'Avarage',3.78,34,252,148,'2021-03-07'),(1970,'Excellent',5.62,14,308,265,'2015-10-08'),(1971,'Avarage',3.50,38,291,180,'2017-08-20'),(1972,'Bad',2.06,10,314,89,'2016-11-17'),(1973,'Good',5.03,31,100,138,'2014-03-05'),(1974,'Bad',2.93,30,33,120,'2012-08-28'),(1975,'Fair',3.48,28,296,318,'2014-09-21'),(1976,'Fair',3.47,37,314,115,'2010-12-22'),(1977,'Good',4.75,22,222,72,'2012-11-06'),(1978,'Good',5.47,7,229,22,'2017-11-14'),(1979,'Good',4.59,36,111,110,'2012-12-03'),(1980,'Avarage',3.95,14,10,137,'2016-07-02'),(1981,'Good',5.24,38,120,153,'2011-10-30'),(1982,'Good',4.77,12,73,34,'2014-03-20'),(1983,'Bad',2.78,21,306,42,'2011-06-12'),(1984,'Good',5.04,20,125,133,'2022-03-19'),(1985,'Avarage',3.63,16,63,252,'2019-08-16'),(1986,'Fair',3.05,37,258,228,'2014-06-04'),(1987,'Excellent',5.61,23,271,149,'2019-05-17'),(1988,'Bad',2.96,28,136,4,'2021-12-14'),(1989,'Excellent',5.99,38,3,203,'2011-01-25'),(1990,'Fair',3.22,42,301,78,'2011-02-08'),(1991,'Excellent',5.73,36,142,213,'2014-07-10'),(1992,'Good',5.00,35,75,137,'2011-07-21'),(1993,'Good',5.11,45,138,61,'2019-05-28'),(1994,'Fair',3.34,40,62,54,'2017-10-25'),(1995,'Avarage',3.90,36,81,182,'2018-02-09'),(1996,'Avarage',3.70,23,180,184,'2015-08-31'),(1997,'Fair',3.14,36,330,297,'2010-10-02'),(1998,'Bad',2.44,27,320,277,'2011-01-08'),(1999,'Good',4.92,12,277,214,'2015-04-13'),(2000,'Good',4.75,28,68,43,'2019-01-01'),(2006,'Good',4.90,39,164,1,'2019-03-27'),(2007,'Average',4.21,39,280,1,'2019-03-27'),(2008,'Average',4.28,39,295,1,'2019-03-27'),(2009,'Fair',3.00,39,80,1,'2019-04-06');
/*!40000 ALTER TABLE `classbook.Marks` ENABLE KEYS */;
UNLOCK TABLES;

--
-- Table structure for table `classbook.StudentContactInfo`
--

DROP TABLE IF EXISTS `classbook.StudentContactInfo`;
/*!40101 SET @saved_cs_client     = @@character_set_client */;
/*!40101 SET character_set_client = utf8 */;
CREATE TABLE `classbook.StudentContactInfo` (
  `ContactInfoId` int(11) DEFAULT NULL,
  `Email` varchar(20) DEFAULT NULL,
  `PhoneNumber` varchar(12) DEFAULT NULL,
  `StudentId` int(11) DEFAULT NULL
) ENGINE=InnoDB DEFAULT CHARSET=utf8mb4;
/*!40101 SET character_set_client = @saved_cs_client */;

--
-- Dumping data for table `classbook.StudentContactInfo`
--

LOCK TABLES `classbook.StudentContactInfo` WRITE;
/*!40000 ALTER TABLE `classbook.StudentContactInfo` DISABLE KEYS */;
INSERT INTO `classbook.StudentContactInfo` VALUES (1,'HHYK','711-642-8354',81),(2,'7W3OJ1N2Q','703-029-7910',57),(3,'AHAM','765-2826883',319),(4,'R4L0M','4699114207',253),(5,'DV','621-1838859',221),(6,'HH9HUSG638CDBP','1451036589',17),(7,'M5M','075-4766236',223),(8,'P1G','052-0646912',292),(9,'XG0DWYXNU0S71','694-033-3872',106),(10,'67YC','8760233255',166),(11,'D1ADGEQDH9J6804B0U','5536707276',121),(12,'K75KICIISUZF','192825-3579',333),(13,'CX','7787570703',80),(14,'BN3KY5LGEATJ6XH5DJR','8473072091',43),(15,'7H','000031-6263',295),(16,'0YWX','022-9877006',308),(17,'HUOTAXSNX','755-0614349',227),(18,'GEMP67JYBVCT1BL','033-076-2224',239),(19,'UUV3L181YKMZ885T833','935-0734032',118),(20,'9IBKH0L26OSC8','537-3789939',323),(21,'2YRTOE6KQMLJP2P','747-1723034',169),(22,'KX87SCJAL','943848-2571',285),(23,'F5VAR9QZ','134932-7109',171),(24,'71EFO7PSOZYAJCN3V','233-566-2556',39),(25,'1GQEG82Y0PFVCSPWIH','5909546213',309),(26,'IKZ3JUBNAWT77V4PJ','749-815-4735',234),(27,'SK6CP7ZCTN5L','386-7047977',115),(28,'T6WCJ1D','352-762-4408',148),(29,'K5KS26H8Z735HQWZ6','2297566023',156),(30,'S3','9379527615',34),(31,'0NHP9Z1AJLN687FL','3054997868',283),(32,'M0I4UG2F5','7480656999',258),(33,'9X6O89ZKH23S7FYGMF','141-6449417',311),(34,'','183-2716509',142),(35,'IHEM8SL357F94WR','500-2653020',45),(36,'CXFW9NXIHUS26','5578684258',101),(37,'UNGWLSIKFFOV','044949-4337',332),(38,'ANTOAOK3OZ2Z','241171-9121',78),(39,'JV','9068571565',140),(40,'E0JXQDST7BZUSHZ8D8','521919-3224',107),(41,'VN5HELB','8283667756',240),(42,'NDXP8NF0F4YOWU0GZO','515693-8166',165),(43,'B7ZUM','632976-9669',53),(44,'WZH8I5B','252-1738857',68),(45,'84GALQ7CGK3F','2094458439',29),(46,'Q0MOIPV0X','034-291-8940',197),(47,'JB3CNXR','0288608966',212),(48,'Z','733-5422879',63),(49,'9NPK6EY','494-666-4286',270),(50,'YQFQ735YUK','224563-5904',317),(51,'FGFAHWZIDJFON4SA3A2I','091-844-1603',302),(52,'QC178S307O27XJ5UC8','2660328525',183),(53,'7WKZJ1S','652516-7844',226),(54,'ES2OS2WP','850923-6622',252),(55,'D394VH6VCHQKMGQ2FA','3285321914',51),(56,'6DI5F6P740A50U1G9','187-343-3194',36),(57,'','894-405-4359',299),(58,'CEE36K11R','909-891-8977',55),(59,'CLDRPJQUYTX5A1','347-1491366',30),(60,'2BP','993227-8732',131),(61,'KZG2V','527-0504143',186),(62,'','4348580652',276),(63,'S9CK','417-8543947',303),(64,'5XVSEWDABBLA','184-526-9314',4),(65,'L64C939CB7CVIHTXR','397230-9880',71),(66,'IEFS8E9G5XF','801124-1451',69),(67,'9D6W9SNF08A1','440317-7839',247),(68,'QJX','6468211530',329),(69,'EK','7894706305',117),(70,'KU2VQTXP3TYBW','3857892219',316),(71,'X','886995-9473',291),(72,'O','516-397-9924',230),(73,'819BGA3D','1508753231',7),(74,'','2061609147',21),(75,'VBKQD2TFBA','9703307663',306),(76,'FUYC79Z5WSL896J29','065-8325559',189),(77,'SSDVGUR87YT3','727-5159060',88),(78,'NEFS6BY904','497-353-6444',257),(79,'1O92AJTZK1IITKE3','881-594-8064',113),(80,'Y21BSAYU','862570-2844',83),(81,'ECQ','170-1925529',207),(82,'4RN4TRKOXN4TIG','2890270782',199),(83,'VM8S8DBY3W8EB7G5H9','649-1059331',173),(84,'XRVOQNIW0FWH9TT','051-396-8049',25),(85,'','3000592233',11),(86,'6KIXSTJ8KC8HHINK','686-564-7852',241),(87,'JD0XI5PHBI7EZKI','156935-5567',66),(88,'8ZWQB4YBG5A9FJX','163-0317572',19),(89,'X0AGYAOESGHACTL','296-665-3321',67),(90,'Q88I','9970417485',250),(91,'UXFFO','362-585-4102',174),(92,'CVF1SLXHYA','710-7817885',191),(93,'AYBIXVMNYMJHJ6AEJ33U','289600-0454',307),(94,'9SBJCEPOFCNHPY978W2S','939646-5541',127),(95,'QVSDW','700-611-6080',312),(96,'H7','3263807273',35),(97,'EVFZ05ZYLGXZ','1690328264',94),(98,'9W0T816A7','555-286-9920',202),(99,'1AJXI6FJ8G0YS1PX389A','448-0109904',298),(100,'VS6LWD3M','126266-3989',180),(101,'036UDPH8HS5','102435-4489',198),(102,'P','282636-7779',125),(103,'JB4Y4AXY1W','120-975-7635',200),(104,'6IDCLTCXSFW','787560-7376',72),(105,'XOZG','666-1455270',213),(106,'QG','091-908-4284',54),(107,'O6AMASFYBI21AE773','598-1093285',179),(108,'VZ','280-8256741',266),(109,'0W2M','9505449062',185),(110,'6A4U27KQR','6126263430',128),(111,'7Q1TEDLADUGJGSCZVHCO','3587128313',222),(112,'70QM5UHFUHJM6ZD','852456-6832',210),(113,'2LF','103-316-4931',274),(114,'MOR2MTBH2C3E','213-8168980',124),(115,'Q0PB79I4UIDXXASZ5T','9807076806',203),(116,'X9','5145529483',243),(117,'J9NZBJZ','336588-2346',33),(118,'ID5IFZNIUCWAS','919-640-3539',192),(119,'D5PJIIXI7GT4GGN7X','313-2206301',133),(120,'','2068449321',161),(121,'GZZREUTBMYJ1ZUDVHA','9580936039',129),(122,'0HF0','348396-8740',175),(123,'POBI6VNFW5B6DEBPP','9091412691',259),(124,'BKNFU93L5X4ZM0ZT2','715-4430840',48),(125,'IA4QB4','343614-8395',224),(126,'TJ6H3Y3AB4GJAU2EL','694614-5635',158),(127,'PAWJA','2017336714',162),(128,'KBM6E2K8J90PX31Y1','148-0391009',104),(129,'BWJASU','078813-3693',74),(130,'VJ1LU8A90XR','909-0808028',305),(131,'WV8K700TCHHNR','733-882-9138',73),(132,'77EMAJRQJJJNO0Q','435-105-1794',112),(133,'W6AL4T2BCAR','795035-1895',12),(134,'3E1DUK13UDN8L6CP1KBZ','941547-6884',8),(135,'WLBD55D43AZRQN4H5S4','087057-0849',159),(136,'','319753-2138',236),(137,'LIJ20XH','241-203-3713',146),(138,'9SZSY6SPZPFOY','608489-4535',188),(139,'3NGV','828663-2753',242),(140,'78VR60FA2S','949238-3588',150),(141,'57VRTI0ZRGCS63','678181-0731',310),(142,'AOUEVL','635067-5332',136),(143,'F94D0SSIWQXOJ8S6YL','084-5991361',120),(144,'G31VFPN','597-9910959',325),(145,'PRGNWP0RLM','858129-7380',9),(146,'H879KLUIJGI','796560-1695',279),(147,'VT951DEONC','5396403026',96),(148,'2QF20YJG6JH4D9','610-0361458',10),(149,'G9L','423341-2967',178),(150,'4079KUMKZD7YS4Y4','533-065-2701',89),(151,'4JTJ00BXE','1820642977',228),(152,'VV7X53','168-8048712',47),(153,'89VGV7DEK2Z','530368-8872',218),(154,'PZF4ACQR','087-597-1457',44),(155,'40VC65R','352889-4776',32),(156,'RG2UCW','9229976690',196),(157,'829BF5','910-2602847',255),(158,'YCBOPGQXKEC','7108273744',294),(159,'4904','189-265-3236',40),(160,'2MPTLW','150561-6424',205),(161,'D2RW','516-393-1659',172),(162,'2EBIO1I0HFAXUWNH','590-8754765',324),(163,'SE8XK9SFM','8411611182',64),(164,'GKBNPUOH01AF7','8017318569',111),(165,'47MCSYP9AT','527-6509746',267),(166,'CNAI5I22P1G6RL2','6833584244',37),(167,'ENG9C7QTDMGNNN7AH','691-946-3955',233),(168,'C6EZUI7CIGO0U','995-9219319',14),(169,'PTBLT','416-0532188',92),(170,'X4XH5J1FF','3024723859',20),(171,'U6PE8VQFSX20P95CRQY','526-2354666',181),(172,'BLG','7429137864',265),(173,'G','103-9460438',50),(174,'9XTBHSXGLHBGHT2W','816858-4892',177),(175,'WIX','3603242769',26),(176,'NCSRBGLQ9PS','4756296212',314),(177,'','053-347-5604',287),(178,'MTLGG929ON1A85RFRKEI','198-639-1741',49),(179,'LK0J','012-6340045',284),(180,'BCPCSIHH68ADF8U6Z','014-6467604',98),(181,'RG3AUA','595-430-7530',59),(182,'5DF718KWAX','6949236421',52),(183,'JBUIT','020-144-6122',109),(184,'ZI4E4','1067212575',143),(185,'OMLV9220IEVM4294Z','909450-2538',206),(186,'G5A5N','701-5868028',137),(187,'U8NBBB','568-624-6034',254),(188,'218RLFDBT8W74G8ER','293244-1400',100),(189,'UIEYYUJZX1','3225695661',91),(190,'FQP68TKWANPMEMXEXI7L','541875-0152',22),(191,'WTH','123-4856053',262),(192,'S32','5836216695',268),(193,'8MIBAEH70WNNH','306221-7923',304),(194,'U5VZC1GLGPG','812-2899073',56),(195,'IX7DFPHJ206B37F6W','780-536-2694',103),(196,'KXDFYCYS','6074474195',144),(197,'1WN5T','257-998-5513',132),(198,'4W','594838-3020',155),(199,'0NGX6XETY','331695-7155',249),(200,'V4LAOU4IS','923-5719768',237),(201,'YVFNYGMEVDGZBV695NR','8681346439',84),(202,'14DEXMFMYAO','773-079-6222',138),(203,'CTL58TZPAZYL3','9370205754',271),(204,'TP','131-131-1643',220),(205,'FOHRD1TH0QB10GKO3M','911-3744779',327),(206,'A10CN2416S','315-2025159',82),(207,'0TPIJM6LYSRN72','486-4534922',13),(208,'OAJEWZ','462-912-8957',321),(209,'BF2ECTO8ZNOPPHB','115605-7794',5),(210,'WYIIOPIDT9','389-993-2521',251),(211,'','596-2334085',260),(212,'UISWBRIAG49D','2280912738',154),(213,'QS','1737059419',273),(214,'ZHD6CSMFEGLLXOL2UA','808-065-5890',79),(215,'GUREYZ10RO4M','494662-1613',232),(216,'W','672-292-5299',58),(217,'DBWT11WCIU5XD','815-9951738',296),(218,'J7JL','3518674745',102),(219,'CA73F7ASUR9UNO','373-907-6262',328),(220,'A9608DKH9','453-9032391',238),(221,'S1O88GL0M','259443-3788',145),(222,'368HMQ91L','505-8402343',16),(223,'0I8TH91ICYSSYKM','6150289286',322),(224,'MJMANT04G41OEI4IW','224175-7518',135),(225,'IATUQYF3NORA7NUG4PFB','109-119-3186',62),(226,'6H4DD7C4','663-088-8611',123),(227,'UAW','510-9250211',170),(228,'','098127-2162',110),(229,'BCSTNUK6CC5XDUXDE2KE','508113-4061',263),(230,'TOGCQ3ZTTHE8M','777975-3382',3),(231,'4CWRG004S','753946-8578',331),(232,'GUI6GF7BJPINBGXR','055440-7567',231),(233,'DIURORAT','8318612130',256),(234,'IB4DBPW9WWKSCE92OX1','4067723513',152),(235,'0FUOFNLXGS2','4885403408',141),(236,'DFXW66DTQ2K07S14','309-789-0038',65),(237,'OZT9C13G','258324-0980',219),(238,'YO3ZS4TCFWH','374269-6971',114),(239,'VIJ8QYVTHMMGC','501-8530656',194),(240,'S8Y1','798358-6536',330),(241,'UFQ7PPR9G6UD','4539877376',301),(242,'N7SGA1L27NYC2NN0BK','6036190187',27),(243,'EINX4BUIYOFM','227-5389114',246),(244,'8HT4ZBY','072626-3655',38),(245,'F','890567-3268',215),(246,'MSSVN2494MFZL0','594-2990531',278),(247,'N5FINDS0A3KTI1Z','872902-4009',116),(248,'HY605CF7','357-314-9018',297),(249,'UFA089WSUB5','025-5984621',23),(250,'ESYTSHR28','199-4727381',93),(251,'740Y0EZ4','993-2494787',15),(252,'Q72SXHZ2UN1NQT','783016-2973',315),(253,'2686DUN478750A8ITQZ','107431-7995',99),(254,'BCZ0CSEXF7Y','6848027213',269),(255,'BXVU5SRG23','265399-4721',60),(256,'KQB','011449-1818',108),(257,'','118-0437803',1),(258,'L57X','181612-8722',244),(259,'DQQ68','4812886839',288),(260,'LFQ','5353720851',87),(261,'0APU3E','310-872-2022',208),(262,'C0ZJD8IFA0TM','8824157618',195),(263,'9Z1RX64NXX60CD','337-471-7043',272),(264,'90H','240255-1508',105),(265,'D8','2548380685',184),(266,'7X7','3722567833',214),(267,'I8RXTRTEF19YXWAQE2TI','862165-9616',160),(268,'UO5AJX83GS3KXOWWZ3E7','579-4306978',24),(269,'Y','094441-6188',176),(270,'01JZ','5390895531',217),(271,'IE44PYNJLNAULAZ95D','297-0240675',18),(272,'7ETFYFA3WW58ZX5L1NZV','252200-1079',281),(273,'1','8007363929',290),(274,'ABTJMMYIUOJRP','413935-1840',85),(275,'Z5PEVQ','944-069-8948',76),(276,'GFAXGPX','3809604584',151),(277,'6I161J35','895850-7134',182),(278,'OH','096-375-3496',280),(279,'E','5759358895',318),(280,'JF5FX2IAH3AOTW','736-5841328',300),(281,'M6X1WO5HLN','353067-6385',204),(282,'V0TPES96VUR0SU3W1Y','580-078-6205',28),(283,'DQ','517-2511564',235),(284,'M8IJWHLEYJSS7IGR','199-3376609',119),(285,'IFN0NV','862567-0635',289),(286,'46TS4IQAEODL7UVRK','414-636-1304',201),(287,'W78ZNLF99D','541-438-5285',187),(288,'2','691426-4019',134),(289,'ZDCEQOT9FTHEI4UJU','153-6591311',193),(290,'O3JRNX5','440225-3778',122),(291,'7CU9CDBHE','419986-0969',190),(292,'UF52Q8HDQL4GKQEQ','114-0969007',275),(293,'ZN8PF96HHE6H421','881-935-6786',61),(294,'MPFHL','265-2354529',229),(295,'A9A6JEQR4UM4C','979-2857530',248),(296,'6IF','219349-5234',277),(297,'YL9TBWMJ3QY0Y8NMD','4168863081',46),(298,'','694-356-4843',245),(299,'8PRQP9BU0P7K','050-6833426',313),(300,'9AIZ3GYDK0B0T4VEGP','367580-9411',320),(301,'736F6VJKZ2L','943-8977666',86),(302,'V5T','920-804-1587',139),(303,'OPOJW','171-9114921',31),(304,'','913-6478911',41),(305,'NOGPW5FGKZRC12UC3JWY','2090467021',225),(306,'Z7GUZC7OR6K71J','883015-6940',126),(307,'Q5NEK','000-393-5534',153),(308,'1T4SSOUD','525062-0478',90),(309,'0Z1POHZV','095-701-9495',211),(310,'S8','4714473794',75),(311,'ST65','825-5924039',167),(312,'','667230-6264',157),(313,'3LYVHEPYE','016-796-5567',264),(314,'17OCB66K6BV9Q','307604-5107',42),(315,'RMBU8ZXNT4QRM4','238-340-7044',286),(316,'M0Q3NTO4VG','773-648-0626',164),(317,'NLYNOTVN','5881759962',130),(318,'V2UPEEEEJMJK12KB46','6598858541',147),(319,'H2IGEMCBP5GWWYZNJ50','6148179149',293),(320,'9FAK9W','6754757226',326),(321,'LJEBJNS62DMG312O82P','523-757-5722',282),(322,'L2E064H','636-005-9653',216),(323,'2RX','680673-1014',209),(324,'HKRRBUX93SXAWOXN','653359-5736',77),(325,'Q2HJ8GJ4D5F5Y4AFF','193-663-9069',70),(326,'','080-4260970',6),(327,'9ADE5FJS44','937-2680106',97),(328,'H6TNBPGN848MYOH35O','399-7698275',2),(329,'UHPFEVD','7935253045',168),(330,'B4PNE09','329194-2476',261),(331,'8CASLZ','983080-1332',149),(332,'QD0N','724-530-7403',163),(333,'QOCD4H9NRRFR','058-566-5253',95),(334,'paa@gmail','0123465798',334),(335,'alksj@asdl','1234568790',335),(336,'dasda@gmail','1111111111',336),(337,'tup@gmail','6666666666',337);
/*!40000 ALTER TABLE `classbook.StudentContactInfo` ENABLE KEYS */;
UNLOCK TABLES;

--
-- Table structure for table `classbook.Students`
--

DROP TABLE IF EXISTS `classbook.Students`;
/*!40101 SET @saved_cs_client     = @@character_set_client */;
/*!40101 SET character_set_client = utf8 */;
CREATE TABLE `classbook.Students` (
  `StudentId` int(11) DEFAULT NULL,
  `FirstName` varchar(9) DEFAULT NULL,
  `MiddleName` varchar(10) DEFAULT NULL,
  `LastName` varchar(10) DEFAULT NULL,
  `Birthdate` varchar(10) DEFAULT NULL,
  `PersonalNumber` int(11) DEFAULT NULL,
  `ClassId` int(11) DEFAULT NULL
) ENGINE=InnoDB DEFAULT CHARSET=utf8mb4;
/*!40101 SET character_set_client = @saved_cs_client */;

--
-- Dumping data for table `classbook.Students`
--

LOCK TABLES `classbook.Students` WRITE;
/*!40000 ALTER TABLE `classbook.Students` DISABLE KEYS */;
INSERT INTO `classbook.Students` VALUES (1,'Lydia','Gilmore','Kelley','1991-11-10',2147483647,29),(2,'Julia','Arias','James','1973-07-07',45577462,37),(3,'Chester','Osborne','Dixon','2000-01-11',2147483647,45),(4,'Darla','Preston','Faulkner','1958-12-22',2147483647,46),(5,'Danny','Diaz','Velasquez','2006-09-09',2147483647,19),(6,'Elton','Cherry','Peck','1989-10-08',2147483647,46),(7,'Austin','Munoz','Beasley','1960-01-24',2147483647,34),(8,'Cristina','Atkins','Stevens','1987-04-15',2147483647,4),(9,'Kendall','Delgado','Francis','1982-02-27',2147483647,31),(10,'Gavin','Everett','Payne','1983-05-14',2147483647,28),(11,'Valerie','Johnson','Gaines','1979-02-16',2035189728,35),(12,'Cary','Cross','Boyd','2004-12-21',2147483647,27),(13,'Lisa','Moses','Mckenzie','1965-10-07',2147483647,39),(14,'Joe','Bartlett','Sims','1995-08-11',2147483647,27),(15,'Vicki','Jacobson','Stevenson','1958-04-05',2147483647,5),(16,'Eric','Mays','Hines','1956-02-12',2147483647,32),(17,'Elias','Carter','Mueller','2001-10-11',2147483647,30),(18,'Sophia','Yu','Lloyd','1959-03-26',2147483647,5),(19,'Allison','Rasmussen','Cantrell','2005-01-05',2147483647,42),(20,'Michele','Kirk','Ritter','1972-08-16',2147483647,50),(21,'Betsy','Chen','Rojas','1981-12-20',2147483647,37),(22,'Joey','Taylor','Mccoy','1980-09-14',2147483647,2),(23,'Mike','Patrick','Preston','1999-10-28',2147483647,5),(24,'Tracey','Bray','May','1987-02-17',2147483647,32),(25,'Angelina','Ritter','Gomez','1962-02-07',2147483647,16),(26,'Thomas','Wilkerson','Shelton','2005-08-24',2147483647,12),(27,'Tammie','Mckay','Valenzuela','1984-05-29',392876022,49),(28,'Dorothy','Baldwin','Cooley','1986-02-04',2147483647,16),(29,'Abigail','Hancock','Cordova','1962-10-16',1724615141,46),(30,'Ronald','Calhoun','Conley','1973-03-13',2147483647,44),(31,'Earl','Nelson','Adkins','1995-10-13',2147483647,38),(32,'Jeffrey','Warren','Gill','1991-02-06',2147483647,4),(33,'Yolanda','Wolf','Bautista','1965-09-05',2147483647,35),(34,'Monica','Morris','Reyes','1958-10-26',2147483647,5),(35,'Julie','Jackson','Ball','1992-05-21',2147483647,14),(36,'Gregg','Cowan','Walker','1956-11-21',2147483647,45),(37,'Alexander','Swanson','Armstrong','1954-10-23',1203058972,32),(38,'Rusty','Craig','Shea','1989-12-04',2147483647,1),(39,'Brenda','Buckley','Bird','1959-04-10',2147483647,3),(40,'Jerrod','Simon','Odom','1981-08-02',2147483647,33),(41,'Jerome','Manning','Moreno','2004-07-31',2147483647,21),(42,'Lana','Sexton','Clark','1969-08-13',1906861666,20),(43,'Garry','Novak','Hartman','1955-04-28',2147483647,25),(44,'Paul','Tucker','Weber','1973-02-15',273069236,28),(45,'Virginia','Camacho','Hunt','1990-09-03',2147483647,34),(46,'Shawn','Stuart','Dorsey','1988-05-17',2147483647,9),(47,'Leo','Ryan','Hess','2000-03-10',1055503070,13),(48,'Robin','Heath','Delacruz','1988-07-02',2147483647,4),(49,'Rafael','Maxwell','Decker','1988-11-23',478181032,7),(50,'Simon','Stokes','Wiggins','1995-08-03',2147483647,22),(51,'Jamal','Serrano','Gilmore','1995-10-12',2147483647,10),(52,'Bryon','Patel','Boyer','1957-01-12',2147483647,20),(53,'Keith','Mc Clure','Harmon','1959-12-06',213950421,6),(54,'Mathew','Rocha','Mercer','1961-05-11',2147483647,47),(55,'Neil','Prince','Booker','1958-07-30',2113886161,38),(56,'Julius','Golden','Madden','1964-02-26',2147483647,30),(57,'Lucas','Schneider','Yang','1981-09-10',2147483647,43),(58,'Annette','Underwood','O\'Connell','1965-11-25',2147483647,29),(59,'Bryan','Winters','Dougherty','2004-11-13',2147483647,2),(60,'Marlon','Manning','Riley','1954-01-16',2147483647,42),(61,'Wayne','Kelly','Hughes','1958-05-13',2147483647,39),(62,'Carlton','Moyer','Huang','1981-12-20',2147483647,19),(63,'Stephanie','Murillo','Lawrence','1977-07-01',518431380,24),(64,'Kenya','Montoya','Bean','1961-12-17',2147483647,24),(65,'Jessie','House','Howe','1995-08-01',2147483647,44),(66,'Roman','Vaughan','Leonard','1996-01-10',2147483647,43),(67,'Danielle','Archer','Horton','1992-04-17',2147483647,40),(68,'Lydia','Mayer','Patton','1959-12-13',2147483647,14),(69,'Tabatha','Berger','Sheppard','1956-03-22',2147483647,43),(70,'Wayne','Winters','Cortez','1954-05-16',2147483647,19),(71,'Jerome','Hines','George','1954-04-23',2147483647,5),(72,'Tia','Gaines','Tyler','1964-11-07',2147483647,47),(73,'Stephen','Coleman','Calderon','2007-12-17',1682053748,14),(74,'Clarence','Roman','Branch','1976-06-05',1475234422,20),(75,'Alfredo','Daniels','Walls','1976-01-16',33935403,37),(76,'Russell','Cochran','Le','1965-05-09',2147483647,25),(77,'Margarita','West','Velazquez','1978-05-21',2147483647,29),(78,'Tonia','Cummings','Gill','1979-09-12',2147483647,20),(79,'Lana','Keller','Wallace','2004-06-16',2147483647,11),(80,'Marsha','Sanders','Powers','1981-09-23',920349601,34),(81,'Guy','Lloyd','Michael','1958-06-17',409824060,38),(82,'Alan','Lynch','Cruz','2003-11-27',683946432,27),(83,'Ivan','Maddox','Wolf','2005-03-13',1198483502,46),(84,'Olga','Cole','Welch','1975-03-16',2147483647,13),(85,'Randal','Riley','Montes','1985-06-01',1450010915,42),(86,'Spencer','Haley','Arias','1991-10-01',2147483647,27),(87,'Keri','Lloyd','Hall','1984-03-03',2147483647,43),(88,'Enrique','Preston','Mccarty','1957-04-27',2147483647,37),(89,'Philip','Mckinney','Weaver','1953-03-30',2147483647,9),(90,'Justin','Le','Hammond','1981-03-27',2147483647,45),(91,'Tammi','Valenzuela','Delacruz','1983-03-13',2147483647,49),(92,'Joy','Dodson','Sutton','1996-11-27',2147483647,35),(93,'Monica','York','Stone','1993-01-20',411758674,12),(94,'Damian','Le','Kent','1958-03-25',2147483647,42),(95,'Shanna','Frazier','Chung','1976-03-22',2147483647,13),(96,'Willie','Hoover','Cobb','1975-08-12',2147483647,35),(97,'Lindsay','Hardin','Pineda','2000-02-13',1277083227,43),(98,'Cristina','Bowen','Hancock','2001-05-12',1301573943,22),(99,'Arturo','Love','Gibbs','1985-07-17',2147483647,38),(100,'Lamar','Peck','Cisneros','2002-08-24',2147483647,48),(101,'Levi','Levine','Wolf','2004-01-30',2147483647,39),(102,'Glenda','Swanson','Stewart','1993-03-29',2147483647,16),(103,'Quentin','Novak','Sloan','1985-04-13',2147483647,39),(104,'Max','Herman','Pierce','1987-07-12',2147483647,49),(105,'Dorothy','Gray','Goodwin','1994-04-12',2147483647,22),(106,'Faith','Mays','Dunn','1983-12-05',2147483647,49),(107,'Marisa','Howard','Cox','1957-01-27',795117755,48),(108,'Toni','Mills','Gallagher','1991-07-03',2147483647,34),(109,'Taryn','Huff','Mason','1993-04-25',2147483647,42),(110,'Lorraine','Pierce','Weiss','2001-03-22',643512319,44),(111,'Carey','Wilkins','Webb','1993-10-08',2147483647,7),(112,'Kristen','Costa','Mooney','1954-12-30',2147483647,25),(113,'Ernest','Gilbert','Buckley','1969-06-11',2147483647,6),(114,'Karrie','Lin','Ochoa','1976-02-22',1655218971,33),(115,'Roy','Compton','Goodwin','2003-08-02',2147483647,47),(116,'Marc','Arroyo','Johnson','1962-06-17',541507625,7),(117,'Daniel','Mayo','May','1984-10-09',2147483647,42),(118,'Kurt','Estes','Mc Neil','1955-04-19',2081069602,36),(119,'Evan','Frazier','Lucero','1984-07-17',2021124872,22),(120,'Susan','Bonilla','Barajas','1956-10-31',2147483647,6),(121,'Timmy','Haynes','Banks','1964-11-09',2147483647,15),(122,'Fred','Lucas','Strickland','1987-12-23',2147483647,26),(123,'Carrie','Barton','Valdez','1959-09-15',2147483647,2),(124,'Stefanie','Bush','Ingram','1982-12-27',2147483647,48),(125,'Elisa','Smith','Gaines','1979-03-05',2147483647,35),(126,'Stephan','Allison','Stanton','1965-05-26',2147483647,20),(127,'Ricardo','Burns','Shelton','1979-10-19',2147483647,33),(128,'Raquel','Kent','Dunlap','2002-09-24',2147483647,5),(129,'Bruce','Grant','Butler','1953-03-16',1473131983,1),(130,'Shelley','Baxter','Norris','1953-06-07',2147483647,12),(131,'Gena','Dorsey','Copeland','1973-03-27',2147483647,35),(132,'Mario','Melendez','Meyer','1985-01-08',2147483647,21),(133,'Jeanine','Wilson','Duke','2002-02-25',2147483647,12),(134,'Nancy','Solis','Fields','1954-10-24',2147483647,8),(135,'Suzanne','Meyer','Rivers','1985-08-24',2147483647,35),(136,'Becky','Hayes','Sloan','1973-03-21',2147483647,47),(137,'Bart','Hale','Hale','1971-08-17',2147483647,2),(138,'Bobby','Robertson','Salazar','1970-09-02',2147483647,6),(139,'Marianne','Green','Bean','1988-12-03',1567278325,25),(140,'Gloria','Garner','Orr','1954-06-29',2147483647,18),(141,'Reginald','Donovan','Leach','1987-09-04',1035535584,10),(142,'Darius','Vaughn','Christian','2000-09-01',2147483647,49),(143,'Megan','Hayes','Browning','1972-01-03',2147483647,11),(144,'Betty','Rose','Baxter','1960-01-09',2147483647,16),(145,'Wendy','Vaughan','Lambert','1995-06-20',1755575743,6),(146,'Helen','Case','Ibarra','1981-03-14',86853932,43),(147,'Josephine','Christian','Clayton','1980-06-19',2147483647,16),(148,'Holly','Frey','Pitts','1969-11-29',2147483647,36),(149,'Shelly','De Leon','Fleming','1962-08-24',2147483647,40),(150,'Darren','Leon','Benjamin','1966-10-07',2147483647,38),(151,'Sonia','Massey','Bradley','1998-11-03',2147483647,6),(152,'Jeffrey','Yu','Tapia','1997-10-28',2147483647,23),(153,'Kisha','Nguyen','O\'Neal','1969-10-26',2147483647,5),(154,'Bernard','Osborne','Salinas','1981-09-17',2147483647,36),(155,'Tracy','Parsons','Combs','1990-10-16',2147483647,48),(156,'Albert','Golden','Frey','1969-02-08',76581869,28),(157,'Gerard','Irwin','Glass','1986-07-15',2147483647,2),(158,'Mandi','Calderon','Beck','1955-04-18',2147483647,36),(159,'Carlton','Herman','Ayala','1961-05-10',2147483647,14),(160,'Lana','Hogan','Drake','1981-11-17',941116993,21),(161,'Irma','Khan','Choi','1957-02-17',2147483647,31),(162,'Jon','Terry','Garrett','1962-05-06',2147483647,48),(163,'Garrett','Braun','Neal','1991-04-19',2147483647,21),(164,'Felipe','Proctor','Harding','1992-11-19',2147483647,7),(165,'Jenna','Chang','Branch','1980-12-27',2147483647,37),(166,'Alexandra','Frederick','Riddle','1961-09-30',2147483647,14),(167,'Randolph','Burch','Martin','1960-11-04',2147483647,36),(168,'Hope','Moon','Roman','1967-08-19',1931423047,46),(169,'Elizabeth','Harrington','Marks','1998-07-01',1499361754,42),(170,'Chasity','Randolph','Dyer','1983-05-14',2147483647,5),(171,'Quincy','Lindsey','Ibarra','1998-10-31',835769608,50),(172,'Sheldon','Pace','Young','1967-02-08',2147483647,48),(173,'Ashley','Clements','West','1974-05-16',2147483647,27),(174,'Abel','Mcpherson','Greene','1983-01-20',2147483647,47),(175,'Keith','Gonzales','Brewer','1977-02-26',2147483647,19),(176,'Marie','Thomas','O\'Neal','1972-03-10',2147483647,48),(177,'Trisha','Palmer','Knox','1968-12-20',1386991182,22),(178,'Jim','Banks','Kane','2007-09-07',2147483647,7),(179,'Reginald','Lamb','Henry','1995-07-09',2147483647,4),(180,'Tania','Tran','Watson','2005-12-21',2147483647,4),(181,'Rusty','Bolton','Reeves','1992-12-07',2147483647,15),(182,'Cassandra','Moreno','Mercado','1962-11-20',2147483647,1),(183,'Jason','Schneider','Lara','1993-01-31',691990694,37),(184,'William','Lester','Morrison','1994-06-10',2147483647,19),(185,'Francisco','Gray','Mc Donald','1962-08-04',2147483647,34),(186,'Jeremiah','Church','Whitehead','1983-05-31',2147483647,32),(187,'Louis','Vance','Mc Guire','1968-03-16',2147483647,21),(188,'Herman','Greer','Harrington','1973-06-11',2147483647,31),(189,'Pedro','Mitchell','Kline','1972-01-08',2147483647,5),(190,'Rocky','Cochran','Bonilla','1969-07-16',2147483647,15),(191,'Byron','Tran','Gay','1994-09-06',2147483647,14),(192,'Nathan','Huynh','Campbell','1969-05-01',2147483647,28),(193,'Alyssa','Goodwin','Randolph','1962-04-26',2074136037,31),(194,'Steven','Poole','Wolfe','1960-01-18',1150730997,17),(195,'Andres','Barr','Bean','2005-05-12',2147483647,45),(196,'Sherrie','De Leon','De Leon','1978-05-02',2147483647,13),(197,'Rogelio','Dawson','Walters','1962-05-17',2147483647,41),(198,'Tonya','Knight','Kaufman','1987-02-13',2147483647,31),(199,'Ernesto','Rocha','Preston','1987-01-13',2147483647,24),(200,'Lora','Carter','Vazquez','1986-09-21',2147483647,31),(201,'Dean','Bray','Russo','1973-05-11',782140786,23),(202,'Daniel','Benton','Ramirez','1965-11-01',2147483647,11),(203,'Yolanda','Stokes','Lutz','1979-06-01',2147483647,24),(204,'Earnest','Stephenson','Russo','1987-04-12',624648339,40),(205,'Cornelius','Osborn','Duncan','1975-12-07',2147483647,24),(206,'Celeste','Weeks','Moreno','1984-09-25',2147483647,46),(207,'Angelique','Allen','Kerr','1976-06-15',2147483647,9),(208,'Leo','Simpson','Rowe','1994-10-07',2147483647,21),(209,'Patrice','Bush','Silva','1957-07-22',1315321583,3),(210,'Johnnie','Saunders','Church','1971-08-09',2147483647,5),(211,'Darrell','Yates','Montgomery','1953-02-19',2147483647,32),(212,'Jimmie','Liu','Woods','1986-11-07',2147483647,16),(213,'Janelle','Adams','Romero','1967-10-11',1433629760,11),(214,'Lamar','Collier','Sharp','1963-05-20',2147483647,38),(215,'Kim','Mc Bride','Jimenez','1996-12-11',2147483647,47),(216,'Laura','Owen','Hoffman','2002-03-30',2147483647,17),(217,'David','Reed','Hull','1977-04-04',2147483647,28),(218,'Levi','Walters','Simmons','2004-11-09',1666822998,50),(219,'Shelia','Rush','Shannon','1983-04-18',2147483647,23),(220,'Bobbi','Nicholson','Jensen','2005-07-29',2147483647,9),(221,'Jayson','Simmons','Lloyd','2001-07-16',2147483647,11),(222,'Phillip','Wolfe','Guerra','1995-05-26',2147483647,6),(223,'Abel','Hurst','Case','2003-08-12',2147483647,46),(224,'Harvey','Mercer','Barr','1981-12-16',2147483647,14),(225,'Roxanne','Bond','Kemp','1996-09-07',2147483647,3),(226,'Daphne','Hurst','Atkins','1982-07-03',2147483647,32),(227,'Shonda','Moss','Bishop','1957-10-15',2147483647,44),(228,'Sergio','Stanley','Mcintosh','1967-04-29',1390874629,30),(229,'Oliver','Nichols','Simon','1985-09-09',2147483647,20),(230,'Jamie','Hutchinson','Everett','2006-10-28',2147483647,24),(231,'Toni','Koch','Fischer','1962-10-26',2147483647,14),(232,'Eugene','Huerta','Everett','1989-11-06',2147483647,23),(233,'Stuart','Nicholson','Downs','1973-08-26',112566470,28),(234,'Cristina','Bowers','Bentley','1961-10-19',977054868,27),(235,'Eugene','Walsh','Gill','1985-08-12',2147483647,38),(236,'Alice','Snyder','Fleming','1980-02-06',2147483647,24),(237,'Fernando','Beard','Beasley','1991-06-22',2147483647,47),(238,'Tara','Bond','Blevins','1958-10-22',2147483647,39),(239,'Staci','Conway','Walker','1971-07-05',384898448,50),(240,'Rodolfo','Becker','Archer','1985-11-09',2147483647,26),(241,'Ben','Sosa','Cuevas','1959-12-17',1498247015,23),(242,'Cheri','Bryan','Hall','1981-06-09',2147483647,5),(243,'Virgil','Berry','Montgomery','1968-11-21',2147483647,6),(244,'Roy','Foley','Hurley','1953-06-02',2147483647,15),(245,'Toby','Gonzalez','Beard','1969-05-27',2147483647,5),(246,'Latasha','Carson','Herring','1960-10-30',458660842,31),(247,'Ronnie','Stark','Church','1954-07-23',1789802339,7),(248,'Ryan','Sosa','Campos','2006-12-08',2147483647,45),(249,'Billy','Flores','Hawkins','1971-02-07',2147483647,44),(250,'Steve','Austin','Golden','1956-02-14',2147483647,38),(251,'Dwayne','Rodgers','Lam','1954-01-29',2147483647,48),(252,'Michelle','Russell','Black','1965-07-08',2147483647,25),(253,'Roxanne','Baldwin','Richards','1956-10-29',684613051,29),(254,'Neal','Lane','Miranda','1989-06-16',2147483647,25),(255,'Rick','Mcgrath','Fry','1993-03-07',2147483647,43),(256,'Tracie','Singleton','Sullivan','1985-12-17',2147483647,14),(257,'Charlene','Crawford','Burke','1970-03-23',2147483647,36),(258,'Kellie','Conley','Soto','2005-06-15',2147483647,23),(259,'Eric','Reed','Joyce','1998-08-05',2147483647,43),(260,'Sarah','Sandoval','Singleton','2001-06-06',2147483647,2),(261,'Cory','Sharp','Krause','1979-12-13',2147483647,4),(262,'Gwendolyn','Gaines','Odom','1962-02-17',2147483647,34),(263,'Stanley','Esparza','Gomez','1962-01-28',983766508,37),(264,'Maggie','Woodard','Newton','1958-09-24',2147483647,27),(265,'Gloria','Hebert','Hartman','1961-10-15',2147483647,3),(266,'Sabrina','Hoover','Gallagher','1971-04-15',1520689865,45),(267,'Wayne','Hayes','Fernandez','1966-03-15',2147483647,41),(268,'Nelson','Pittman','Graves','1958-12-23',2147483647,14),(269,'Derick','Hopkins','Bird','1985-10-07',2147483647,5),(270,'Stanley','Mann','Bautista','1969-11-05',2147483647,6),(271,'Jose','Vaughan','Cain','1963-10-09',2147483647,44),(272,'Yolanda','Norman','Novak','1971-06-14',626888570,39),(273,'Felipe','Mckenzie','Wood','1986-05-08',2147483647,5),(274,'Allen','Briggs','Barr','2005-06-09',2147483647,30),(275,'Darren','Eaton','Weber','1998-08-14',2147483647,12),(276,'Drew','Davenport','Casey','1973-02-07',2147483647,11),(277,'Tony','Alvarez','Nunez','1979-07-06',204139880,15),(278,'Larry','Butler','Miller','2003-03-12',654756372,46),(279,'Morgan','Levine','Brooks','1965-07-22',404577760,42),(280,'Stephan','Bailey','Blanchard','1988-11-08',2147483647,26),(281,'Ginger','Andersen','Stout','1980-12-12',2147483647,30),(282,'Rachel','Wilkins','Bender','1958-11-08',2147483647,13),(283,'Marvin','Lynch','Singleton','2004-03-22',2147483647,9),(284,'Audra','Whitney','Pruitt','1982-07-28',1224337091,21),(285,'Roy','Burton','Hamilton','2005-09-30',2147483647,43),(286,'Stanley','Copeland','Soto','2005-04-19',2147483647,46),(287,'Abel','York','Phelps','1986-01-09',2147483647,12),(288,'Camille','Mc Daniel','Hess','1992-03-12',193228604,40),(289,'Gilberto','Ochoa','Kaiser','1976-08-14',2147483647,39),(290,'Paul','Preston','Wolfe','2007-08-27',2147483647,46),(291,'Moses','Kidd','Ross','1962-11-17',1301121487,50),(292,'Sean','Barnes','Todd','1994-01-07',2147483647,23),(293,'Lisa','Colon','Stanton','1968-03-19',1311634277,37),(294,'Gustavo','Hines','Townsend','1978-01-28',2147483647,27),(295,'Dan','Lucero','Lewis','1958-11-28',2147483647,49),(296,'Leanne','Gibson','Nelson','2005-10-29',2147483647,13),(297,'Latoya','Franco','Zhang','1972-05-12',2147483647,38),(298,'Mickey','Aguirre','Crane','1963-02-28',2147483647,7),(299,'Kristina','Blackburn','Horton','1999-08-19',1865470938,42),(300,'Nakia','Yates','Greene','2006-02-12',1657191101,19),(301,'Claude','Avila','Gilmore','2002-08-18',1848608593,12),(302,'Nelson','Medina','Clayton','2003-07-31',2147483647,21),(303,'Daniel','Monroe','Clarke','1974-03-03',2147483647,45),(304,'Terra','Villanueva','Moran','1954-04-05',2147483647,47),(305,'Marcella','Reese','Woods','2000-05-07',2147483647,25),(306,'Leticia','Whitney','Mc Millan','1990-08-17',2147483647,41),(307,'Felipe','Clayton','Myers','1987-03-02',1134106121,25),(308,'Ray','Dodson','Gibbs','1959-05-23',2147483647,2),(309,'Laurie','Wilkins','Payne','1998-11-02',2147483647,36),(310,'Dora','Blair','Cummings','1973-01-29',2147483647,20),(311,'Hollie','Rowe','Spears','1959-06-15',2147483647,14),(312,'Angelina','Evans','Larson','1975-01-12',2147483647,15),(313,'Ruby','Kane','Stephens','1992-11-24',2147483647,36),(314,'Loretta','Cooke','Sanders','1962-09-28',2147483647,4),(315,'Jennifer','Neal','Best','1973-06-25',2147483647,5),(316,'Jeremy','Avery','Alexander','1974-02-04',2147483647,11),(317,'Owen','Lara','Ball','1965-11-28',2147483647,11),(318,'Dorothy','Baker','Steele','1987-07-04',2147483647,35),(319,'Lorie','Hammond','Stanley','1960-12-25',2147483647,39),(320,'Renee','Richards','Perkins','1964-06-27',2147483647,9),(321,'Vincent','Pollard','Meza','1993-04-06',2147483647,23),(322,'Rhonda','Cantu','Hobbs','1982-01-03',2147483647,28),(323,'Darrell','Torres','Love','1990-05-11',1763622104,15),(324,'Ronnie','Vincent','Foley','1986-02-10',2147483647,4),(325,'Gilbert','Fletcher','Gentry','1959-12-21',394445733,35),(326,'Joseph','Barr','Ortiz','1977-10-01',2147483647,43),(327,'Latanya','Bray','Osborn','1956-03-28',904632465,43),(328,'Marlon','Wallace','Dillon','1961-04-11',2147483647,12),(329,'Yesenia','Kirby','Winters','1999-07-13',618563410,33),(330,'Emma','Wall','Perkins','2000-10-15',2147483647,19),(331,'Tiffany','Shea','Lara','1953-09-28',2147483647,33),(332,'Daphne','Shields','Norman','1969-05-08',2147483647,2),(333,'Autumn','Newman','Henson','1956-07-24',2147483647,24),(334,'plame','a','a','2019-03-27',123465798,3),(335,'[][][]','','[][][][]','2019-03-15',1234568790,3),(336,'asd','asd','dsa','2019-03-30',1111111111,3),(337,'PAFKA','PAFKA','PAFKA','2019-04-06',2147483647,3);
/*!40000 ALTER TABLE `classbook.Students` ENABLE KEYS */;
UNLOCK TABLES;

--
-- Table structure for table `classbook.Subjects`
--

DROP TABLE IF EXISTS `classbook.Subjects`;
/*!40101 SET @saved_cs_client     = @@character_set_client */;
/*!40101 SET character_set_client = utf8 */;
CREATE TABLE `classbook.Subjects` (
  `SubjectId` int(11) DEFAULT NULL,
  `Name` varchar(19) DEFAULT NULL
) ENGINE=InnoDB DEFAULT CHARSET=utf8mb4;
/*!40101 SET character_set_client = @saved_cs_client */;

--
-- Dumping data for table `classbook.Subjects`
--

LOCK TABLES `classbook.Subjects` WRITE;
/*!40000 ALTER TABLE `classbook.Subjects` DISABLE KEYS */;
INSERT INTO `classbook.Subjects` VALUES (13,'Ancient Greek'),(23,'Animal husbandry'),(34,'Art'),(40,'Biology'),(16,'Business studies'),(11,'Chemistry'),(33,'Citizenship'),(45,'Commerce'),(27,'Computer studies.'),(17,'Dance'),(28,'Design & technology'),(15,'Design technology'),(19,'Drama'),(35,'English'),(37,'Ethic(s)'),(31,'Food technology'),(43,'French'),(46,'Geography'),(42,'German'),(20,'Health and hygiene'),(14,'History'),(9,'Home economics'),(10,'ICT'),(36,'Irish'),(22,'Italian'),(12,'Languages'),(7,'Latin'),(30,'Literature'),(25,'Mathematics'),(39,'Modern studies'),(41,'Music'),(29,'Physics'),(38,'Psychology'),(32,'Religion'),(26,'Religious education'),(21,'Science'),(18,'Sociology'),(47,'Spanish'),(8,'Study skills'),(53,'Test Subject 4'),(44,'Welsh'),(24,'Woodwork');
/*!40000 ALTER TABLE `classbook.Subjects` ENABLE KEYS */;
UNLOCK TABLES;

--
-- Table structure for table `classbook.TeacherContactInfo`
--

DROP TABLE IF EXISTS `classbook.TeacherContactInfo`;
/*!40101 SET @saved_cs_client     = @@character_set_client */;
/*!40101 SET character_set_client = utf8 */;
CREATE TABLE `classbook.TeacherContactInfo` (
  `ContactInfoId` int(11) DEFAULT NULL,
  `Email` varchar(20) DEFAULT NULL,
  `PhoneNumber` int(11) DEFAULT NULL,
  `TeacherId` int(11) DEFAULT NULL
) ENGINE=InnoDB DEFAULT CHARSET=utf8mb4;
/*!40101 SET character_set_client = @saved_cs_client */;

--
-- Dumping data for table `classbook.TeacherContactInfo`
--

LOCK TABLES `classbook.TeacherContactInfo` WRITE;
/*!40000 ALTER TABLE `classbook.TeacherContactInfo` DISABLE KEYS */;
INSERT INTO `classbook.TeacherContactInfo` VALUES (1,'laskjd@asmn',1234567890,335),(2,'laasdajd@asmn',1234567899,336),(3,'pafka@gmail',123465789,337),(4,'paa@gmail',123465798,338),(5,'alksj@asdl',2147483647,339),(6,'asdasda@gmail',2147483647,343),(7,'dsalkj@asdj',1532021356,356),(8,'sads@jasd',2147483647,357),(9,'ffff@gmail',2147483647,358),(10,'qmacro@mac.com',2147483647,10),(11,'panolex@gmail.com',2147483647,11),(12,'tedrlord@me.com',2147483647,12),(13,'jonadab@yahoo.ca',559021399,13),(14,'roamer@outlook.com',2147483647,14),(15,'yxing@mac.com',1885625076,15),(16,'erynf@live.com',2147483647,16),(17,'pappp@msn.com',2147483647,17),(18,'elmer@att.net',2147483647,18),(19,'samavati@yahoo.ca',2147483647,19),(20,'monopole@mac.com',1173951144,20),(21,'eurohack@live.com',2147483647,21),(22,'mchugh@att.net',2147483647,22),(23,'bryanw@comcast.net',2147483647,23),(24,'corrada@verizon.net',2147483647,24),(25,'linuxhack@yahoo.ca',1566893176,25),(26,'pjacklam@msn.com',2147483647,26),(27,'claypool@me.com',2147483647,27),(28,'joglo@yahoo.ca',981175316,28),(29,'slaff@optonline.net',2147483647,29),(30,'joehall@aol.com',553628582,30),(31,'kjohnson@hotmail.com',2147483647,31),(32,'froodian@icloud.com',2147483647,32),(33,'tjensen@outlook.com',536813394,33),(34,'smartfart@yahoo.ca',2147483647,34),(35,'csilvers@outlook.com',2147483647,35),(36,'seasweb@hotmail.com',2147483647,36),(37,'lamprecht@yahoo.ca',2147483647,37),(38,'grothoff@yahoo.com',1304942867,38),(39,'daveewart@gmail.com',2147483647,39),(40,'leslie@live.com',2147483647,40),(41,'jfreedma@verizon.net',2147483647,41),(42,'kewley@msn.com',2147483647,42),(44,'jgoerzen@outlook.com',2147483647,44),(45,'sinclair@att.net',2147483647,45),(46,'djpig@hotmail.com',2147483647,46),(47,'ryanshaw@gmail.com',2147483647,47),(48,'valdez@att.net',2147483647,48),(49,'lamky@aol.com',2147483647,49),(50,'dmbkiwi@aol.com',2147483647,50),(51,'podmaster@aol.com',2147483647,51),(52,'juliano@gmail.com',2147483647,52),(53,'brbarret@live.com',2147483647,53),(54,'cyrus@outlook.com',2147483647,54),(55,'cisugrad@yahoo.com',2147483647,55),(56,'maikelnai@gmail.com',1568266263,56),(57,'webinc@live.com',2147483647,57),(58,'gilmoure@me.com',2147483647,58),(59,'gozer@icloud.com',2147483647,59),(60,'warrior@me.com',2147483647,60),(61,'tmaek@mac.com',2147483647,61),(62,'presoff@mac.com',2147483647,62),(63,'heidrich@outlook.com',2147483647,63),(64,'valdez@yahoo.ca',2147483647,64),(65,'godeke@yahoo.com',2147483647,65),(66,'osaru@icloud.com',1653541473,66),(67,'dwendlan@gmail.com',2147483647,67),(68,'sjmuir@hotmail.com',1432092337,68),(70,'gilmoure@hotmail.com',2147483647,70),(71,'dmath@yahoo.com',151906783,71),(72,'punkis@sbcglobal.net',2147483647,72),(73,'dobey@att.net',2147483647,73),(75,'dogdude@verizon.net',2147483647,75),(76,'seemant@gmail.com',2147483647,76),(77,'tristan@me.com',2147483647,77),(78,'mcast@me.com',2147483647,78),(79,'esbeck@comcast.net',2147483647,79),(80,'jamuir@me.com',2147483647,80),(82,'jrkorson@yahoo.ca',1395910384,82),(83,'nogin@mac.com',2147483647,83),(84,'chrisk@yahoo.com',2093749372,84),(85,'markjugg@msn.com',2147483647,85),(86,'willg@yahoo.ca',2147483647,86),(87,'jfriedl@hotmail.com',2147483647,87),(88,'crowemojo@icloud.com',1618598501,88),(90,'scotfl@live.com',2147483647,90),(91,'lauronen@me.com',2147483647,91),(92,'mhoffman@hotmail.com',2039706698,92),(94,'geekoid@yahoo.com',2147483647,94),(95,'michiel@mac.com',2147483647,95),(96,'brbarret@icloud.com',2147483647,96),(97,'arnold@hotmail.com',1384603729,97),(98,'jmcnamara@yahoo.ca',2147483647,98),(99,'jrkorson@hotmail.com',2147483647,99),(100,'tamas@yahoo.ca',2147483647,100),(101,'ylchang@icloud.com',2147483647,101),(102,'moinefou@icloud.com',2147483647,102),(103,'giafly@yahoo.com',2147483647,103),(104,'heroine@aol.com',2147483647,104),(105,'sravani@me.com',2147483647,105),(106,'bruck@live.com',2147483647,106),(107,'attwood@aol.com',2147483647,107),(108,'damian@hotmail.com',2147483647,108),(109,'ilyaz@live.com',1746412097,109),(110,'gator@att.net',2147483647,110),(112,'hmbrand@msn.com',2147483647,112),(113,'kodeman@att.net',2147483647,113),(114,'raines@icloud.com',2147483647,114),(115,'jfriedl@msn.com',2147483647,115),(116,'sthomas@verizon.net',2147483647,116),(117,'petersen@icloud.com',2147483647,117),(118,'tskirvin@yahoo.ca',2147483647,118),(119,'fudrucker@mac.com',2147483647,119),(120,'gerlo@aol.com',166646481,120),(121,'ilyaz@verizon.net',2147483647,121),(123,'eurohack@msn.com',2147483647,123),(124,'rwelty@gmail.com',2147483647,124),(125,'techie@yahoo.ca',2147483647,125),(126,'geeber@msn.com',2147483647,126),(127,'danneng@outlook.com',2147483647,127),(128,'dogdude@me.com',493466294,128),(129,'mfleming@live.com',2147483647,129),(132,'vsprintf@msn.com',2147483647,132),(133,'malattia@yahoo.ca',883202691,133),(134,'jusdisgi@gmail.com',2147483647,134),(135,'uqmcolyv@me.com',2147483647,135),(136,'dexter@sbcglobal.net',2147483647,136),(137,'shang@yahoo.com',1287734018,137),(138,'jigsaw@msn.com',2147483647,138),(139,'muadip@comcast.net',1201664979,139),(140,'dsowsy@sbcglobal.net',408023954,140),(141,'boein@verizon.net',2147483647,141),(142,'lamky@live.com',1405888753,142),(143,'drjlaw@comcast.net',2147483647,143),(144,'sjmuir@gmail.com',2147483647,144),(145,'ilikered@gmail.com',2147483647,145),(147,'esasaki@yahoo.ca',798316334,147),(149,'pakaste@msn.com',2045528765,149),(151,'peoplesr@yahoo.com',2147483647,151),(152,'dbindel@hotmail.com',2143632383,152),(153,'alastair@live.com',2147483647,153),(154,'plover@verizon.net',2147483647,154),(155,'bachmann@hotmail.com',2147483647,155),(156,'morain@outlook.com',2147483647,156),(157,'emmanuel@yahoo.ca',1157627139,157),(158,'flakeg@outlook.com',2147483647,158),(159,'tarreau@aol.com',2147483647,159),(160,'sblack@msn.com',2147483647,160),(161,'neonatus@icloud.com',2147483647,161),(162,'amichalo@outlook.com',2147483647,162),(163,'report@live.com',2147483647,163),(165,'miyop@me.com',1308880670,165),(166,'rogerspl@verizon.net',2147483647,166),(167,'kassiesa@mac.com',1906839032,167),(168,'chaikin@comcast.net',967524638,168),(169,'jigsaw@comcast.net',2147483647,169),(170,'dkeeler@comcast.net',288028655,170),(171,'gastown@outlook.com',2147483647,171),(172,'pgottsch@att.net',2147483647,172),(173,'citizenl@verizon.net',80283257,173),(174,'ajohnson@live.com',1459425702,174),(175,'dogdude@aol.com',2147483647,175),(176,'mugwump@msn.com',2147483647,176),(177,'mnemonic@icloud.com',2147483647,177),(178,'adamk@msn.com',2147483647,178),(179,'roamer@mac.com',2147483647,179),(180,'akoblin@live.com',2147483647,180),(181,'stern@comcast.net',135084231,181),(182,'yamla@yahoo.ca',2147483647,182),(185,'ajlitt@gmail.com',1693223443,185),(186,'joglo@verizon.net',2147483647,186),(187,'martyloo@me.com',2147483647,187),(188,'aprakash@me.com',2147483647,188),(189,'matty@yahoo.com',2147483647,189),(190,'themer@sbcglobal.net',1655834889,190),(191,'gator@mac.com',2147483647,191),(192,'studyabr@comcast.net',2147483647,192),(193,'dialworld@yahoo.ca',2147483647,193),(194,'jbuchana@att.net',2147483647,194),(195,'mcast@gmail.com',2147483647,195),(197,'privcan@comcast.net',2147483647,197),(199,'tjensen@msn.com',2147483647,199),(201,'topasum@gmail.com',888811111,259);
/*!40000 ALTER TABLE `classbook.TeacherContactInfo` ENABLE KEYS */;
UNLOCK TABLES;

--
-- Table structure for table `classbook.Teachers`
--

DROP TABLE IF EXISTS `classbook.Teachers`;
/*!40101 SET @saved_cs_client     = @@character_set_client */;
/*!40101 SET character_set_client = utf8 */;
CREATE TABLE `classbook.Teachers` (
  `TeacherId` int(11) DEFAULT NULL,
  `FirstName` varchar(9) DEFAULT NULL,
  `MiddleName` varchar(10) DEFAULT NULL,
  `LastName` varchar(10) DEFAULT NULL,
  `Birthdate` varchar(10) DEFAULT NULL,
  `PersonalNumber` int(11) DEFAULT NULL,
  `SubjectId` int(11) DEFAULT NULL,
  `ExtendedPermissions` int(11) DEFAULT NULL
) ENGINE=InnoDB DEFAULT CHARSET=utf8mb4;
/*!40101 SET character_set_client = @saved_cs_client */;

--
-- Dumping data for table `classbook.Teachers`
--

LOCK TABLES `classbook.Teachers` WRITE;
/*!40000 ALTER TABLE `classbook.Teachers` DISABLE KEYS */;
INSERT INTO `classbook.Teachers` VALUES (1,'Joyce','Greer','Wood','1985-11-03',2147483647,39,1),(2,'Armando','Rose','Harrington','1994-07-11',2147483647,32,1),(3,'Rick','Hendricks','Barton','1961-01-15',2147483647,29,1),(4,'Chadwick','Acosta','Sweeney','1997-04-16',2147483647,10,1),(5,'Joan','Baker','Robles','2004-09-19',2147483647,27,1),(6,'Clifford','Underwood','Adkins','1968-07-17',2147483647,10,1),(7,'Joe','Ibarra','Gonzales','1983-09-22',2147483647,47,1),(8,'Ted','Peck','Beck','1996-11-18',1512715127,42,1),(9,'Don','Lyons','Patton','1985-05-01',2147483647,24,1),(10,'Jasmine','Callahan','Ferrell','1972-07-20',2147483647,15,1),(11,'Neil','Lynch','Riddle','1992-02-12',533305333,15,0),(12,'Keri','Gaines','Li','1969-06-26',1851318513,20,0),(13,'Everett','Lam','Rodgers','1957-07-01',2147483647,12,0),(14,'Kimberly','Huerta','Moody','2007-12-10',2147483647,20,0),(15,'Natalie','Wilson','Lester','1975-07-04',2147483647,24,0),(16,'Jocelyn','Horton','Mc Neil','1985-03-02',2147483647,23,0),(17,'Ricardo','Navarro','Crosby','1965-08-24',2147483647,21,0),(18,'Marvin','Lamb','Wells','1994-04-26',2147483647,24,0),(19,'Yolanda','Collins','Gray','1958-10-29',2147483647,30,0),(20,'Betty','Watson','Casey','1999-10-05',2147483647,19,0),(21,'Allen','Tate','Larsen','1991-10-10',2147483647,32,0),(22,'Margarita','Vance','Whitney','1962-10-18',2147483647,26,0),(23,'Liza','Woodard','Mullen','1954-11-29',2147483647,24,0),(24,'Randolph','Ramos','Harrington','1997-08-11',2147483647,23,0),(25,'Edith','Campbell','Burns','1966-02-24',2147483647,25,0),(26,'Kara','Cardenas','Patel','1997-11-06',2147483647,9,0),(27,'Dustin','Torres','Compton','1995-04-18',2147483647,8,0),(28,'Terence','Mc Connell','Webster','1955-01-21',2147483647,25,0),(29,'Lewis','Wagner','Hodges','1991-09-27',2147483647,10,0),(30,'Carl','Harding','Grimes','1976-10-02',2147483647,40,0),(31,'Sylvia','Hunter','Ochoa','2002-01-20',2147483647,45,0),(32,'Gabriel','Zimmerman','Heath','2001-04-25',2147483647,42,0),(33,'Abigail','Lowery','Hunter','1983-07-18',2147483647,19,0),(34,'Clarence','Diaz','Butler','1959-10-02',2147483647,24,0),(35,'Anna','Kline','Mitchell','1974-08-11',1764517645,7,0),(36,'Howard','Chavez','Holmes','1964-04-12',2147483647,29,0),(37,'Marcie','Reed','Ponce','1992-09-15',2147483647,23,0),(38,'Larry','Yu','Guerra','1965-12-19',2147483647,31,0),(39,'Evan','Sosa','Perez','1963-12-30',1283512835,37,0),(40,'Bill','Mercado','Mendez','1997-08-04',2147483647,44,0),(41,'Trina','Nielsen','Hoover','1969-06-28',2147483647,14,0),(42,'Teddy','Vargas','Lang','1995-09-24',2147483647,39,0),(43,'Gena','Hoover','Jordan','1990-03-24',2147483647,16,0),(44,'Chrystal','Reilly','Coffey','1953-04-26',2147483647,15,0),(45,'Bryce','Estrada','Landry','1972-06-18',2147483647,47,0),(46,'Albert','Johnston','Ross','2006-04-20',2147483647,38,0),(47,'Myron','Terry','Clay','1953-12-27',2147483647,35,0),(48,'Ben','Gentry','Ellison','1995-05-31',2147483647,42,0),(49,'Karl','Larsen','Henson','1995-03-24',2147483647,33,0),(50,'Clifton','Nicholson','Andrade','1996-12-03',1019310193,17,0),(51,'Brandy','Ayala','Huff','1990-06-12',2147483647,43,0),(52,'Stephan','Knox','Nichols','1987-05-20',1704917049,39,0),(53,'Whitney','Day','Key','1992-11-18',2147483647,12,0),(54,'Dora','Horn','Donovan','1953-01-21',2147483647,14,0),(55,'Nicholas','Hurley','Davis','1964-05-18',2147483647,45,0),(56,'Noel','Rubio','Henry','1976-01-18',2147483647,18,0),(57,'Ethan','Cobb','Rosales','1992-08-12',88700887,32,0),(58,'Ira','Booth','Forbes','1971-06-07',2147483647,41,0),(59,'Wallace','Dominguez','Hampton','1984-02-22',2147483647,21,0),(60,'Felicia','Aguirre','Maldonado','1959-11-15',2147483647,30,0),(61,'Doris','Norton','Lang','1981-03-31',2147483647,12,0),(62,'Christa','Rubio','English','1981-09-01',2147483647,27,0),(63,'Sara','Brennan','Haley','1958-02-23',2147483647,18,0),(64,'Jake','Li','Rush','1961-07-30',2147483647,18,0),(65,'Andrew','Logan','Patton','1978-07-01',2147483647,40,0),(66,'Scot','Hanna','Reeves','1998-10-19',2147483647,26,0),(67,'Arlene','Davies','Robbins','1993-12-10',1827718277,33,0),(68,'Olga','Melton','Ortega','2005-09-30',1714617146,7,0),(69,'Ruby','Reid','Hubbard','1986-05-01',2147483647,32,0),(70,'Teri','Levy','Carey','1964-03-23',2147483647,27,0),(71,'Karl','May','Bell','2000-06-17',1395913959,24,0),(72,'Cornelius','Cain','Burton','2007-09-06',2147483647,20,0),(73,'Sheila','Wiley','Simmons','1983-04-29',2147483647,7,0),(74,'Billy','Swanson','Vaughan','1969-03-26',2147483647,39,0),(75,'Devin','Rhodes','Krause','1983-04-10',2147483647,32,0),(76,'Roman','Matthews','Diaz','2004-01-16',1898318983,16,0),(77,'Brad','Hicks','Dougherty','1980-07-26',2147483647,39,0),(78,'Ralph','Proctor','Gay','1954-08-06',2147483647,39,0),(79,'Sarah','Bentley','Melton','1978-02-23',2147483647,11,0),(80,'Cedric','Vaughan','Edwards','1967-11-07',2147483647,47,0),(81,'Tera','Hawkins','Mc Bride','1996-11-11',2147483647,45,0),(82,'Donovan','Lowe','Romero','2007-11-19',2147483647,20,0),(83,'Shawna','Carlson','Moon','1967-10-30',2147483647,10,0),(84,'Norma','Callahan','Morse','2002-10-24',2147483647,35,0),(85,'Barbara','Sharp','Morgan','1994-04-23',2147483647,30,0),(86,'Grace','Gill','Thornton','1967-09-03',460404604,20,0),(87,'Dexter','James','Valencia','1961-06-08',2147483647,26,0),(88,'Christy','Hunt','Dawson','1983-06-27',2147483647,32,0),(89,'Sonya','Walsh','Powell','2003-05-16',2147483647,38,0),(90,'Chester','Shah','Cordova','2006-07-25',2147483647,29,0),(91,'Nancy','Sawyer','Hood','1979-08-31',2022620226,8,0),(92,'Ronald','Gill','Stanton','1974-04-11',2147483647,19,0),(93,'Olga','Carson','Simmons','1989-10-28',84000840,9,0),(94,'Charles','Mc Carthy','Winters','1957-02-14',2147483647,30,0),(95,'Tamiko','Spencer','Melendez','1969-05-07',2147483647,35,0),(96,'Helen','Montes','Herring','1995-10-27',2147483647,15,0),(97,'Kirsten','Cameron','Camacho','1990-08-02',370203702,32,0),(98,'Dominic','Thomas','Little','1981-08-26',2147483647,17,0),(99,'Shirley','Frazier','Juarez','1982-10-26',2147483647,45,0),(100,'Rafael','Walton','Mueller','1981-08-31',2147483647,34,0),(101,'Aimee','Garza','Escobar','1965-05-11',2147483647,12,0),(102,'Michelle','Hurst','Blair','1956-03-29',2147483647,25,0),(103,'Marissa','Clarke','Sutton','1962-01-30',2147483647,12,0),(104,'Esteban','Preston','Stevens','1984-01-01',2147483647,8,0),(105,'Leonard','Reid','Farrell','2004-06-18',2147483647,17,0),(106,'Ismael','Petty','Leonard','1990-10-06',98600986,8,0),(107,'Lakeisha','Howard','Cox','1957-01-22',2147483647,34,0),(108,'Lawanda','Faulkner','Stone','1976-08-25',2147483647,18,0),(109,'Glenda','Pearson','Benjamin','1977-10-13',2147483647,30,0),(110,'Leah','Abbott','Whitney','1968-05-03',2147483647,40,0),(111,'Penny','Santana','Shelton','2003-06-24',2147483647,33,0),(112,'Jamie','Guerra','Boyer','1991-01-08',2147483647,16,0),(113,'Ryan','Acevedo','Mann','2001-04-14',1918019180,12,0),(114,'Shelly','Pratt','Figueroa','1969-04-18',2147483647,44,0),(115,'Grant','Maldonado','Harding','1971-01-04',2147483647,14,0),(116,'Melissa','Herrera','Warner','1981-05-13',2147483647,33,0),(117,'Brandy','Harrell','Terrell','1966-11-03',2147483647,30,0),(118,'Teddy','Clark','Reynolds','1963-05-02',2147483647,36,0),(119,'Marlene','Crawford','House','1975-04-09',2147483647,17,0),(120,'Darcy','King','Cole','1963-10-29',294402944,12,0),(121,'Amber','Pace','Sloan','1990-05-14',2054020540,13,0),(122,'Roberto','Shah','Wilson','1963-06-16',2147483647,37,0),(123,'Forrest','Cortez','Berry','1955-05-18',2142521425,26,0),(124,'Tracy','Hubbard','Wilkins','1987-10-08',2147483647,34,0),(125,'Lamont','Gilbert','Vang','1992-07-23',1126011260,15,0),(126,'Shad','Dodson','Palmer','1979-03-09',1452914529,25,0),(127,'Kareem','Mc Knight','Wagner','1970-11-10',2147483647,44,0),(128,'Renee','Powers','Moss','1979-03-15',2147483647,24,0),(129,'Antoine','Pierce','Sullivan','2007-11-20',2147483647,31,0),(130,'Wendi','Brady','Sullivan','1995-06-14',2147483647,9,0),(131,'Rosa','Pitts','Hammond','1966-06-17',2147483647,15,0),(132,'Martin','Burns','Davenport','2006-12-01',2147483647,14,0),(133,'Russell','Dickerson','Mckenzie','1979-10-11',2147483647,9,0),(134,'Marissa','Harmon','Rose','2004-06-25',2147483647,34,0),(135,'Israel','Heath','Holt','1955-06-29',2147483647,15,0),(136,'Heidi','Hogan','Wallace','1993-08-16',2147483647,14,0),(137,'Manuel','Meza','Meza','1998-10-21',2147483647,26,0),(138,'Brooke','Mckenzie','Lin','1991-10-30',2147483647,12,0),(139,'Tabatha','Mckinney','Stone','2006-05-08',2147483647,16,0),(140,'Betsy','Mack','Hardin','1956-07-18',1996119961,41,0),(141,'Yesenia','Klein','Holland','1963-08-13',2147483647,43,0),(142,'Latisha','Dunn','Frank','1992-10-14',2147483647,8,0),(143,'Jodie','Ali','Salinas','1958-09-14',1970719707,11,0),(144,'Dean','Clay','Hunt','1988-01-14',2147483647,25,0),(145,'Bethany','Bryant','Boone','1956-02-01',2147483647,12,0),(146,'Brady','Russell','Bird','1996-08-22',2147483647,26,0),(147,'Nichole','Chase','Wall','1980-12-28',2147483647,25,0),(148,'Jackie','Baker','Roach','1973-07-12',2147483647,36,0),(149,'Sandra','Sanchez','Burch','1994-02-11',2147483647,45,0),(150,'Marissa','Hernandez','Yang','1995-12-25',2147483647,45,0),(151,'Malcolm','Schultz','Ponce','1981-12-24',2147483647,22,0),(152,'Rex','Rivas','Cabrera','1980-04-02',2147483647,28,0),(153,'Brady','Benjamin','Yates','1959-05-20',1740917409,24,0),(154,'Stefanie','Santos','Gregory','1971-12-30',2147483647,36,0),(155,'Tonya','Gates','Knox','1999-04-20',2147483647,34,0),(156,'Marisa','Moss','Barrera','1954-11-26',2147483647,28,0),(157,'Warren','Dominguez','Herrera','1953-11-12',2147483647,26,0),(158,'Ryan','Ramirez','Galvan','1982-04-24',984809848,36,0),(159,'Angie','Wang','Burns','1999-06-10',2147483647,7,0),(160,'Roy','Todd','Mack','1978-04-12',2147483647,9,0),(161,'Monte','Andersen','Hunt','1972-11-27',2147483647,44,0),(162,'Misti','Livingston','O\'Neal','1985-11-09',2147483647,40,0),(163,'Marie','Yoder','Howard','1976-10-05',2147483647,9,0),(164,'Gilbert','Choi','Howe','1990-05-02',2147483647,33,0),(165,'Geoffrey','Rollins','Lindsey','1954-11-17',2147483647,32,0),(166,'Dawn','Massey','Hull','2004-07-24',2147483647,7,0),(167,'Tabitha','Odom','Bennett','1964-03-31',2147483647,36,0),(168,'Kenneth','Chang','Gardner','2004-10-20',2147483647,10,0),(169,'Theresa','Hanna','Gomez','1966-10-21',2147483647,30,0),(170,'Trent','Bautista','Lester','1985-05-20',994109941,24,0),(171,'Timothy','Haynes','Pacheco','1990-07-24',2147483647,19,0),(172,'Rita','Ortiz','Sutton','1983-01-05',2147483647,34,0),(173,'Alex','Wilkerson','Lucero','1964-12-25',39200392,20,0),(174,'Shana','Nolan','Harris','1971-09-23',2147483647,20,0),(175,'Damon','Mercado','Herring','1953-03-19',2147483647,27,0),(176,'Darcy','Huffman','Barrett','2005-07-31',1134111341,34,0),(177,'Shana','Downs','Cervantes','1957-10-03',2147483647,17,0),(178,'Gary','Stafford','Turner','1975-05-04',2147483647,33,0),(179,'Barbara','Shelton','Terrell','1984-09-07',2147483647,42,0),(180,'Kelly','Gordon','Adams','2003-12-01',2147483647,42,0),(181,'Rita','Obrien','Castaneda','2006-03-11',2147483647,13,0),(182,'Ricky','Mcgrath','Barton','2005-04-30',2147483647,31,0),(183,'Jason','Schneider','Lara','1993-02-01',2147483647,32,0),(184,'Floyd','Patel','Kline','1964-11-26',2147483647,27,0),(185,'Eugene','Shaw','Elliott','1966-06-22',2147483647,47,0),(186,'Tammy','Long','Proctor','1994-03-17',2147483647,23,0),(187,'Hector','Brewer','Howard','2000-07-14',2147483647,14,0),(188,'Scot','Jennings','Morrison','1960-10-13',2147483647,44,0),(189,'Anitra','Cantu','Townsend','1958-03-09',2147483647,24,0),(190,'Kristen','Wheeler','Callahan','1953-08-04',2147483647,13,0),(191,'Jackie','Hunter','Jarvis','1992-10-04',2147483647,7,0),(192,'Roberta','Cantu','Carter','1969-06-29',2147483647,15,0),(193,'Kerry','Hamilton','Bauer','2000-05-21',2147483647,44,0),(194,'Donnell','Krause','Whitehead','1981-01-26',2147483647,22,0),(195,'Joseph','Hogan','Rosales','1991-08-21',2147483647,29,0),(196,'Abel','Jefferson','Rosales','1985-10-03',90400904,35,0),(197,'Gabriela','Tyler','Simon','1969-01-09',2147483647,46,0),(198,'Gerardo','Jones','Orr','1976-05-15',1922419224,44,0),(199,'Kerri','Odonnell','Khan','1986-02-27',2147483647,18,0),(200,'Amy','Gallegos','Gould','1959-07-10',2147483647,44,0),(201,'Sara','Burns','Rubio','1985-05-25',2147483647,28,0),(202,'Sarah','Payne','Hardy','1984-03-10',2147483647,11,0),(203,'Chrystal','Wagner','Kane','1959-09-23',2147483647,18,0),(204,'Christi','Duncan','Stephens','1961-09-24',2147483647,45,0),(205,'Sherrie','Mc Clure','Hanna','1958-06-04',855608556,18,0),(206,'Steven','Fox','Randall','2006-12-19',1000910009,10,0),(207,'Annette','Maynard','Anthony','1968-04-09',2147483647,38,0),(208,'Latanya','Holmes','Glover','1995-08-28',1216512165,9,0),(209,'Kristi','Foley','Kramer','1971-10-14',2147483647,37,0),(210,'Natasha','Ferrell','Cannon','2001-09-19',2147483647,24,0),(211,'Melanie','Miranda','Grant','2005-02-23',2147483647,23,0),(212,'Charlie','Marks','Mc Donald','1986-07-11',2147483647,25,0),(213,'Anne','Velez','Clements','2005-08-17',2147483647,16,0),(214,'Doris','Douglas','Simmons','2003-07-10',2147483647,45,0),(215,'Natasha','Tran','Dodson','1980-02-02',2147483647,14,0),(216,'Herbert','Anderson','Valenzuela','1975-07-31',2147483647,36,0),(217,'Mandi','Lloyd','Daniels','2000-10-08',2147483647,28,0),(218,'Kelley','Short','Hardy','1964-11-10',2147483647,19,0),(219,'Allison','Whitehead','Kirby','1976-11-10',2147483647,17,0),(220,'Molly','Rosario','Randall','1968-09-02',2147483647,38,0),(221,'Debbie','Bates','Wu','1957-01-10',446804468,11,0),(222,'Beverly','Delacruz','Crane','1956-06-19',1814818148,12,0),(223,'Patrick','Camacho','Durham','1999-08-14',2147483647,10,0),(224,'Stanley','Gilmore','Hampton','1966-03-20',1633016330,7,0),(225,'Sheldon','Mercado','Middleton','2000-08-16',2147483647,35,0),(226,'Owen','Calderon','Mueller','1974-01-25',2147483647,13,0),(227,'Gretchen','Davies','Vaughan','1990-08-17',2147483647,40,0),(228,'Gina','Gentry','Wheeler','1991-11-29',2147483647,21,0),(229,'Olivia','Matthews','Hodges','1988-02-02',2147483647,39,0),(230,'Latisha','James','Gilbert','1975-06-16',859608596,18,0),(231,'Dawn','Snyder','Arellano','1989-07-22',2147483647,7,0),(232,'Charity','Galloway','Pace','1989-05-20',2147483647,28,0),(233,'Mathew','Zhang','Daniel','1997-03-06',604906049,28,0),(234,'Kris','Weeks','Gonzales','1978-03-01',1333813338,20,0),(235,'Bonnie','Martinez','Ferguson','1971-07-10',2147483647,27,0),(236,'Judy','Parker','Carlson','1975-01-02',2147483647,18,0),(237,'Jared','Frederick','Crosby','1998-08-09',1139111391,14,0),(238,'Jack','Kelly','Vega','1984-05-10',2147483647,7,0),(239,'Larry','Pratt','Mc Millan','1959-06-26',2147483647,35,0),(240,'Karen','Cooley','Shields','1967-07-04',319003190,31,0),(241,'Marisa','Duncan','Terry','1978-12-08',2147483647,28,0),(242,'Elias','Griffin','Nash','1957-11-18',1665116651,24,0),(243,'Carol','Berger','Mora','1996-12-30',2147483647,12,0),(244,'Javier','Pace','Garcia','1964-06-19',1508115081,13,0),(245,'Kerrie','Galvan','Blake','1956-06-10',2147483647,24,0),(246,'Bridget','Aguirre','Ayers','1959-03-27',2147483647,44,0),(247,'John','Reed','Duncan','1971-11-13',411204112,33,0),(248,'Ann','Bender','Blair','2004-11-11',2147483647,29,0),(249,'Nicholas','Melendez','Richmond','1953-12-26',1365113651,40,0),(250,'Marisa','Tyler','Brandt','1969-01-22',2147483647,45,0),(251,'Ty','Coleman','Goodwin','1992-12-26',2147483647,34,0),(252,'Dion','Hendrix','Rodriguez','1957-03-01',2147483647,16,0),(253,'Nina','Valdez','Webb','2007-07-05',2147483647,41,0),(254,'Rebecca','Rubio','Sullivan','1970-06-28',1863218632,16,0),(255,'Trenton','Soto','Gordon','1955-06-30',2147483647,26,0),(256,'Alissa','Lamb','Thompson','1981-12-06',2147483647,7,0),(257,'Lana','Greer','Booth','1992-07-27',2147483647,36,0),(258,'Vicky','Salinas','Pierce','2001-07-06',2147483647,17,0),(259,'Raquel','Cardenas','Curry','1969-02-08',2147483647,26,0),(260,'Susan','Stevens','Fischer','1992-05-09',2147483647,21,0),(261,'Sam','Weaver','Gaines','1969-05-05',2147483647,42,0),(262,'Carey','Vasquez','Dawson','1984-05-11',2147483647,47,0),(263,'Jeannette','Bird','Hill','1960-07-26',2147483647,38,0),(264,'Marty','Montoya','Burke','2004-04-29',2147483647,42,0),(265,'Colby','Clements','Weiss','1965-02-28',2147483647,35,0),(266,'Roderick','Flynn','O\'Connor','1968-10-06',2147483647,29,0),(267,'Sam','Small','Rocha','1997-05-06',2147483647,46,0),(268,'Dante','Mayo','Browning','1980-06-18',2147483647,7,0),(269,'Lauren','Holland','Irwin','1985-01-01',2147483647,24,0),(270,'Drew','Webb','Heath','1958-01-31',2147483647,22,0),(271,'Mathew','Garza','Booker','1984-12-22',2147483647,40,0),(272,'Audrey','Chang','Frye','1969-05-31',817508175,12,0),(273,'Rudy','Scott','Hood','1958-05-18',1060710607,24,0),(274,'Patrick','Gaines','Downs','1962-05-11',2147483647,21,0),(275,'Cody','Beard','Franklin','1997-09-25',2147483647,10,0),(276,'Colin','Daniels','Cruz','2007-02-23',2147483647,11,0),(277,'Alison','Beltran','Sanders','1967-06-20',2147483647,13,0),(278,'Katie','Blackburn','Kent','1988-02-26',2147483647,10,0),(279,'Kenny','Woodward','Lewis','1962-10-10',2147483647,30,0),(280,'Dena','Warren','Travis','1994-05-23',2147483647,31,0),(281,'Lynn','Norton','Walters','1955-03-16',1766017660,21,0),(282,'Reginald','Fox','Waters','1993-10-06',2147483647,35,0),(283,'Roberto','Duarte','Miles','1990-12-05',2147483647,38,0),(284,'Marcy','Mc Intyre','Petersen','1972-01-11',2147483647,9,0),(285,'Krystal','Holder','Shah','1990-06-20',2147483647,26,0),(286,'Damon','Duncan','Donaldson','1985-05-23',2147483647,10,0),(287,'Kenneth','Andrade','Stephenson','1989-11-15',2147483647,9,0),(288,'Jeffrey','Perry','Keller','1979-09-10',2147483647,33,0),(289,'Quentin','Drake','Travis','1975-09-02',2147483647,7,0),(290,'Kim','Lang','Hicks','1997-08-03',2147483647,10,0),(291,'Kyle','Lang','Charles','1990-06-07',2147483647,19,0),(292,'Jill','Contreras','Shields','2005-02-02',1909219092,28,0),(293,'Mickey','Colon','Stanton','1968-04-02',2147483647,38,0),(294,'Kate','Barber','Moss','1975-02-16',2147483647,42,0),(295,'Martin','Giles','O\'Connell','2006-03-01',2147483647,47,0),(296,'Gretchen','Rogers','Gamble','2002-07-30',2147483647,35,0),(297,'Daryl','Moreno','Davenport','2005-04-24',2147483647,45,0),(298,'Darrin','Peters','Meyers','2000-09-01',612106121,33,0),(299,'Cara','Hays','Clarke','2007-04-21',2147483647,30,0),(300,'Cathy','Barnett','Adams','1995-09-05',2147483647,27,0),(301,'Tyrone','Duffy','Bell','1969-11-20',2147483647,9,0),(302,'Kerry','Henderson','Cobb','1999-05-28',2147483647,14,0),(303,'Bret','Petersen','Parsons','1972-11-11',777607776,29,0),(304,'Lillian','Chase','Walsh','2003-11-25',2147483647,20,0),(305,'Liza','Burton','Carney','1992-02-01',2147483647,16,0),(306,'Tricia','Clay','Rivas','1976-07-28',2147483647,46,0),(307,'Jackie','Maddox','Hammond','2006-10-15',1766217662,16,0),(308,'Roger','Serrano','Payne','1998-02-25',2147483647,21,0),(309,'Ismael','Armstrong','Blevins','1980-10-02',2147483647,36,0),(310,'Meredith','Brooks','Kelly','1956-05-07',2147483647,25,0),(311,'Valerie','Christian','Werner','1967-06-20',2147483647,7,0),(312,'Tyler','Velez','Arellano','1957-06-01',106501065,13,0),(313,'Francis','Dalton','Black','1991-09-27',503605036,36,0),(314,'Stephan','Baldwin','Rowe','1982-09-18',2147483647,42,0),(315,'Cristina','Berg','Dixon','1990-02-25',2147483647,24,0),(316,'Jonathon','Anderson','Valdez','1983-07-31',2031120311,11,0),(317,'Elizabeth','Crawford','Thomas','2001-06-07',2147483647,16,0),(318,'Moses','Carroll','Solis','1996-07-15',208802088,15,0),(319,'Kelley','Clayton','Newton','1966-11-10',2147483647,12,0),(320,'Herman','Harrell','Booth','1987-10-09',2147483647,38,0),(321,'Mandy','Bender','Strong','1986-11-21',2147483647,28,0),(322,'Aimee','Bradford','Frank','1970-08-28',2147483647,28,0),(323,'Bradley','Maxwell','Schaefer','1957-10-17',2147483647,13,0),(324,'Daryl','Ho','Howe','1995-05-31',2147483647,42,0),(325,'Arturo','Harrell','Clark','1975-08-26',30800308,19,0),(326,'Terrell','Cherry','Wong','1987-11-19',2147483647,26,0),(327,'Jennifer','Brandt','Andersen','1954-03-01',2147483647,32,0),(328,'Lydia','Koch','Medina','1991-04-02',2119621196,9,0),(329,'Diane','Hooper','Kelly','1964-03-12',2147483647,44,0),(330,'Teddy','Castaneda','Burton','2003-02-27',2147483647,27,0),(331,'Debra','Wilson','Olsen','1954-11-01',2147483647,8,0),(332,'Kara','Escobar','Bass','1974-10-18',2147483647,26,0),(333,'Donovan','Frye','Fuller','1988-11-07',2147483647,18,0),(335,'qj','mi','go','2019-03-25',1234567890,11,0),(336,'dada','aks','aw','2019-03-25',1234567899,17,0),(337,'pafka','[afka','pafka','2019-03-27',123465789,34,0),(338,'plamen','','[afka','2019-03-27',123465798,34,0),(339,'[][][]','','[][][][]','2019-03-15',990099009,37,1),(343,'asd','asd','asd','0001-01-01',2147483647,13,0),(356,'kjsd','asdlkj','asdlk','2019-03-13',1532021356,27,0),(357,'asdlk','asdlkj','as','2019-03-30',2147483647,11,0),(358,'dasda','dasdas','ddd','2019-04-06',2147483647,23,0);
/*!40000 ALTER TABLE `classbook.Teachers` ENABLE KEYS */;
UNLOCK TABLES;

--
-- Table structure for table `dbo.sysdiagrams`
--

DROP TABLE IF EXISTS `dbo.sysdiagrams`;
/*!40101 SET @saved_cs_client     = @@character_set_client */;
/*!40101 SET character_set_client = utf8 */;
CREATE TABLE `dbo.sysdiagrams` (
  `name` text,
  `principal_id` text,
  `diagram_id` text,
  `version` text,
  `definition` text
) ENGINE=InnoDB DEFAULT CHARSET=utf8mb4;
/*!40101 SET character_set_client = @saved_cs_client */;

--
-- Dumping data for table `dbo.sysdiagrams`
--

LOCK TABLES `dbo.sysdiagrams` WRITE;
/*!40000 ALTER TABLE `dbo.sysdiagrams` DISABLE KEYS */;
/*!40000 ALTER TABLE `dbo.sysdiagrams` ENABLE KEYS */;
UNLOCK TABLES;
/*!40103 SET TIME_ZONE=@OLD_TIME_ZONE */;

/*!40101 SET SQL_MODE=@OLD_SQL_MODE */;
/*!40014 SET FOREIGN_KEY_CHECKS=@OLD_FOREIGN_KEY_CHECKS */;
/*!40014 SET UNIQUE_CHECKS=@OLD_UNIQUE_CHECKS */;
/*!40101 SET CHARACTER_SET_CLIENT=@OLD_CHARACTER_SET_CLIENT */;
/*!40101 SET CHARACTER_SET_RESULTS=@OLD_CHARACTER_SET_RESULTS */;
/*!40101 SET COLLATION_CONNECTION=@OLD_COLLATION_CONNECTION */;
/*!40111 SET SQL_NOTES=@OLD_SQL_NOTES */;

-- Dump completed on 2018-09-08 22:56:26
